Fecha,Fuente de tráfico,Visualizaciones interesadas
2025-07-14,Directa o desconocida,0
2025-07-15,Directa o desconocida,0
2025-07-16,Directa o desconocida,0
2025-07-17,Directa o desconocida,0
2025-07-18,Directa o desconocida,0
2025-07-19,Directa o desconocida,0
2025-07-20,Directa o desconocida,0
2025-07-21,Directa o desconocida,0
2025-07-22,Directa o desconocida,0
2025-07-23,Directa o desconocida,0
2025-07-24,Directa o desconocida,0
2025-07-25,Directa o desconocida,0
2025-07-26,Directa o desconocida,0
2025-07-27,Directa o desconocida,0
2025-07-28,Directa o desconocida,0
2025-07-29,Directa o desconocida,0
2025-07-30,Directa o desconocida,0
2025-07-31,Directa o desconocida,0
2025-08-01,Directa o desconocida,0
2025-08-02,Directa o desconocida,0
2025-08-03,Directa o desconocida,0
2025-08-04,Directa o desconocida,0
2025-08-05,Directa o desconocida,0
2025-08-06,Directa o desconocida,0
2025-08-07,Directa o desconocida,0
2025-08-08,Directa o desconocida,0
2025-08-09,Directa o desconocida,0
2025-08-10,Directa o desconocida,0
2025-08-11,Directa o desconocida,0
2025-08-12,Directa o desconocida,0
2025-08-13,Directa o desconocida,0
2025-08-14,Directa o desconocida,0
2025-08-15,Directa o desconocida,0
2025-08-16,Directa o desconocida,0
2025-08-17,Directa o desconocida,0
2025-08-18,Directa o desconocida,0
2025-08-19,Directa o desconocida,0
2025-08-20,Directa o desconocida,0
2025-08-21,Directa o desconocida,0
2025-08-22,Directa o desconocida,0
2025-08-23,Directa o desconocida,0
2025-08-24,Directa o desconocida,0
2025-08-25,Directa o desconocida,0
2025-08-26,Directa o desconocida,0
2025-08-27,Directa o desconocida,0
2025-08-28,Directa o desconocida,0
2025-08-29,Directa o desconocida,0
2025-08-30,Directa o desconocida,0
2025-08-31,Directa o desconocida,0
2025-09-01,Directa o desconocida,0
2025-09-02,Directa o desconocida,0
2025-09-03,Directa o desconocida,0
2025-09-04,Directa o desconocida,0
2025-09-05,Directa o desconocida,0
2025-09-06,Directa o desconocida,0
2025-09-07,Directa o desconocida,0
2025-09-08,Directa o desconocida,0
2025-09-09,Directa o desconocida,0
2025-09-10,Directa o desconocida,0
2025-09-11,Directa o desconocida,0
2025-09-12,Directa o desconocida,0
2025-09-13,Directa o desconocida,0
2025-09-14,Directa o desconocida,0
2025-09-15,Directa o desconocida,0
2025-09-16,Directa o desconocida,0
2025-09-17,Directa o desconocida,0
2025-09-18,Directa o desconocida,0
2025-09-19,Directa o desconocida,0
2025-09-20,Directa o desconocida,0
2025-09-21,Directa o desconocida,0
2025-09-22,Directa o desconocida,0
2025-09-23,Directa o desconocida,0
2025-09-24,Directa o desconocida,0
2025-09-25,Directa o desconocida,0
2025-09-26,Directa o desconocida,0
2025-09-27,Directa o desconocida,0
2025-09-28,Directa o desconocida,0
2025-09-29,Directa o desconocida,0
2025-09-30,Directa o desconocida,0
2025-10-01,Directa o desconocida,0
2025-10-02,Directa o desconocida,0
2025-10-03,Directa o desconocida,0
2025-10-04,Directa o desconocida,0
2025-10-05,Directa o desconocida,0
2025-10-06,Directa o desconocida,0
2025-10-07,Directa o desconocida,0
2025-10-08,Directa o desconocida,0
2025-10-09,Directa o desconocida,0
2025-10-10,Directa o desconocida,0
2025-10-11,Directa o desconocida,0
2025-10-12,Directa o desconocida,0
2025-10-13,Directa o desconocida,0
2025-10-14,Directa o desconocida,0
2025-10-15,Directa o desconocida,0
2025-10-16,Directa o desconocida,0
2025-10-17,Directa o desconocida,0
2025-10-18,Directa o desconocida,0
2025-10-19,Directa o desconocida,0
2025-10-20,Directa o desconocida,0
2025-10-21,Directa o desconocida,0
2025-10-22,Directa o desconocida,0
2025-10-23,Directa o desconocida,0
2025-10-24,Directa o desconocida,0
2025-10-25,Directa o desconocida,0
2025-10-26,Directa o desconocida,0
2025-10-27,Directa o desconocida,0
2025-10-28,Directa o desconocida,0
2025-10-29,Directa o desconocida,0
2025-10-30,Directa o desconocida,0
2025-10-31,Directa o desconocida,0
2025-11-01,Directa o desconocida,0
2025-11-02,Directa o desconocida,0
2025-11-03,Directa o desconocida,0
2025-11-04,Directa o desconocida,0
2025-11-05,Directa o desconocida,0
2025-11-06,Directa o desconocida,0
2025-11-07,Directa o desconocida,0
2025-11-08,Directa o desconocida,0
2025-11-09,Directa o desconocida,0
2025-11-10,Directa o desconocida,0
2025-11-11,Directa o desconocida,0
2025-11-12,Directa o desconocida,0
2025-11-13,Directa o desconocida,0
2025-11-14,Directa o desconocida,0
2025-11-15,Directa o desconocida,0
2025-11-16,Directa o desconocida,0
2025-11-17,Directa o desconocida,0
2025-11-18,Directa o desconocida,0
2025-11-19,Directa o desconocida,0
2025-11-20,Directa o desconocida,0
2025-11-21,Directa o desconocida,0
2025-11-22,Directa o desconocida,0
2025-11-23,Directa o desconocida,0
2025-11-24,Directa o desconocida,0
2025-11-25,Directa o desconocida,0
2025-11-26,Directa o desconocida,0
2025-11-27,Directa o desconocida,0
2025-11-28,Directa o desconocida,0
2025-11-29,Directa o desconocida,0
2025-11-30,Directa o desconocida,0
2025-12-01,Directa o desconocida,0
2025-12-02,Directa o desconocida,0
2025-12-03,Directa o desconocida,0
2025-12-04,Directa o desconocida,0
2025-12-05,Directa o desconocida,0
2025-12-06,Directa o desconocida,0
2025-12-07,Directa o desconocida,0
2025-12-08,Directa o desconocida,0
2025-12-09,Directa o desconocida,0
2025-12-10,Directa o desconocida,0
2025-12-11,Directa o desconocida,0
2025-12-12,Directa o desconocida,0
2025-12-13,Directa o desconocida,0
2025-12-14,Directa o desconocida,0
2025-12-15,Directa o desconocida,0
2025-12-16,Directa o desconocida,0
2025-12-17,Directa o desconocida,0
2025-12-18,Directa o desconocida,0
2025-12-19,Directa o desconocida,0
2025-12-20,Directa o desconocida,0
2025-12-21,Directa o desconocida,0
2025-12-22,Directa o desconocida,0
2025-12-23,Directa o desconocida,0
2025-12-24,Directa o desconocida,0
2025-12-25,Directa o desconocida,0
2025-12-26,Directa o desconocida,0
2025-12-27,Directa o desconocida,0
2025-12-28,Directa o desconocida,0
2025-12-29,Directa o desconocida,0
2025-12-30,Directa o desconocida,0
2025-12-31,Directa o desconocida,0
2026-01-01,Directa o desconocida,0
2026-01-02,Directa o desconocida,0
2026-01-03,Directa o desconocida,0
2026-01-04,Directa o desconocida,0
2026-01-05,Directa o desconocida,0
2026-01-06,Directa o desconocida,0
2026-01-07,Directa o desconocida,0
2026-01-08,Directa o desconocida,0
2026-01-09,Directa o desconocida,0
2026-01-10,Directa o desconocida,0
2026-01-11,Directa o desconocida,0
2026-01-12,Directa o desconocida,0
2026-01-13,Directa o desconocida,0
2026-01-14,Directa o desconocida,0
2026-01-15,Directa o desconocida,0
2026-01-16,Directa o desconocida,0
2026-01-17,Directa o desconocida,0
2026-01-18,Directa o desconocida,0
2026-01-19,Directa o desconocida,0
2026-01-20,Directa o desconocida,0
2026-01-21,Directa o desconocida,0
2026-01-22,Directa o desconocida,0
2026-01-23,Directa o desconocida,0
2026-01-24,Directa o desconocida,0
2026-01-25,Directa o desconocida,0
2026-01-26,Directa o desconocida,0
2026-01-27,Directa o desconocida,0
2026-01-28,Directa o desconocida,0
2026-01-29,Directa o desconocida,0
2026-01-30,Directa o desconocida,0
2026-01-31,Directa o desconocida,0
2026-02-01,Directa o desconocida,0
2026-02-02,Directa o desconocida,0
2026-02-03,Directa o desconocida,0
2026-02-04,Directa o desconocida,0
2026-02-05,Directa o desconocida,0
2026-02-06,Directa o desconocida,0
2026-02-07,Directa o desconocida,0
2026-02-08,Directa o desconocida,0
2026-02-09,Directa o desconocida,0
2026-02-10,Directa o desconocida,0
2026-02-11,Directa o desconocida,0
2026-02-12,Directa o desconocida,0
2026-02-13,Directa o desconocida,0
2026-02-14,Directa o desconocida,0
2026-02-15,Directa o desconocida,0
2026-02-16,Directa o desconocida,0
2026-02-17,Directa o desconocida,0
2026-02-18,Directa o desconocida,0
2026-02-19,Directa o desconocida,0
2026-02-20,Directa o desconocida,0
2026-02-21,Directa o desconocida,0
2026-02-22,Directa o desconocida,0
2026-02-23,Directa o desconocida,0
2026-02-24,Directa o desconocida,0
2026-02-25,Directa o desconocida,0
2026-02-26,Directa o desconocida,0
2026-02-27,Directa o desconocida,0
2026-02-28,Directa o desconocida,0
2026-03-01,Directa o desconocida,0
2026-03-02,Directa o desconocida,0
2026-03-03,Directa o desconocida,0
2026-03-04,Directa o desconocida,0
2026-03-05,Directa o desconocida,0
2026-03-06,Directa o desconocida,0
2026-03-07,Directa o desconocida,0
2026-03-08,Directa o desconocida,0
2026-03-09,Directa o desconocida,0
2026-03-10,Directa o desconocida,0
2026-03-11,Directa o desconocida,0
2026-03-12,Directa o desconocida,0
2026-03-13,Directa o desconocida,0
2026-03-14,Directa o desconocida,0
2026-03-15,Directa o desconocida,0
2026-03-16,Directa o desconocida,0
2026-03-17,Directa o desconocida,0
2026-03-18,Directa o desconocida,0
2026-03-19,Directa o desconocida,0
2026-03-20,Directa o desconocida,0
2026-03-21,Directa o desconocida,0
2026-03-22,Directa o desconocida,0
2026-03-23,Directa o desconocida,0
2026-03-24,Directa o desconocida,0
2026-03-25,Directa o desconocida,0
2026-03-26,Directa o desconocida,0
2026-03-27,Directa o desconocida,0
2026-03-28,Directa o desconocida,0
2026-03-29,Directa o desconocida,0
2026-03-30,Directa o desconocida,0
2026-03-31,Directa o desconocida,0
2026-04-01,Directa o desconocida,0
2026-04-02,Directa o desconocida,0
2026-04-03,Directa o desconocida,0
2026-04-04,Directa o desconocida,0
2026-04-05,Directa o desconocida,0
2026-04-06,Directa o desconocida,0
2026-04-07,Directa o desconocida,0
2026-04-08,Directa o desconocida,0
2026-04-09,Directa o desconocida,0
2026-04-10,Directa o desconocida,0
2026-04-11,Directa o desconocida,0
2026-04-12,Directa o desconocida,0
2026-04-13,Directa o desconocida,0
2026-04-14,Directa o desconocida,0
2026-04-15,Directa o desconocida,0
2026-04-16,Directa o desconocida,0
2026-04-17,Directa o desconocida,0
2026-04-18,Directa o desconocida,0
2026-04-19,Directa o desconocida,0
2026-04-20,Directa o desconocida,0
2026-04-21,Directa o desconocida,0
2026-04-22,Directa o desconocida,0
2026-04-23,Directa o desconocida,0
2026-04-24,Directa o desconocida,0
2026-04-25,Directa o desconocida,0
2026-04-26,Directa o desconocida,0
2026-04-27,Directa o desconocida,0
2026-04-28,Directa o desconocida,0
2026-04-29,Directa o desconocida,0
2026-04-30,Directa o desconocida,0
2025-07-14,Funciones de exploración,0
2025-07-15,Funciones de exploración,0
2025-07-16,Funciones de exploración,0
2025-07-17,Funciones de exploración,0
2025-07-18,Funciones de exploración,0
2025-07-19,Funciones de exploración,0
2025-07-20,Funciones de exploración,0
2025-07-21,Funciones de exploración,0
2025-07-22,Funciones de exploración,0
2025-07-23,Funciones de exploración,0
2025-07-24,Funciones de exploración,0
2025-07-25,Funciones de exploración,0
2025-07-26,Funciones de exploración,0
2025-07-27,Funciones de exploración,0
2025-07-28,Funciones de exploración,0
2025-07-29,Funciones de exploración,0
2025-07-30,Funciones de exploración,0
2025-07-31,Funciones de exploración,0
2025-08-01,Funciones de exploración,0
2025-08-02,Funciones de exploración,0
2025-08-03,Funciones de exploración,0
2025-08-04,Funciones de exploración,0
2025-08-05,Funciones de exploración,0
2025-08-06,Funciones de exploración,0
2025-08-07,Funciones de exploración,0
2025-08-08,Funciones de exploración,0
2025-08-09,Funciones de exploración,0
2025-08-10,Funciones de exploración,0
2025-08-11,Funciones de exploración,0
2025-08-12,Funciones de exploración,0
2025-08-13,Funciones de exploración,0
2025-08-14,Funciones de exploración,0
2025-08-15,Funciones de exploración,0
2025-08-16,Funciones de exploración,0
2025-08-17,Funciones de exploración,0
2025-08-18,Funciones de exploración,0
2025-08-19,Funciones de exploración,0
2025-08-20,Funciones de exploración,0
2025-08-21,Funciones de exploración,0
2025-08-22,Funciones de exploración,0
2025-08-23,Funciones de exploración,0
2025-08-24,Funciones de exploración,0
2025-08-25,Funciones de exploración,0
2025-08-26,Funciones de exploración,0
2025-08-27,Funciones de exploración,0
2025-08-28,Funciones de exploración,0
2025-08-29,Funciones de exploración,0
2025-08-30,Funciones de exploración,0
2025-08-31,Funciones de exploración,0
2025-09-01,Funciones de exploración,0
2025-09-02,Funciones de exploración,0
2025-09-03,Funciones de exploración,0
2025-09-04,Funciones de exploración,0
2025-09-05,Funciones de exploración,0
2025-09-06,Funciones de exploración,0
2025-09-07,Funciones de exploración,0
2025-09-08,Funciones de exploración,0
2025-09-09,Funciones de exploración,0
2025-09-10,Funciones de exploración,0
2025-09-11,Funciones de exploración,0
2025-09-12,Funciones de exploración,0
2025-09-13,Funciones de exploración,0
2025-09-14,Funciones de exploración,0
2025-09-15,Funciones de exploración,0
2025-09-16,Funciones de exploración,0
2025-09-17,Funciones de exploración,0
2025-09-18,Funciones de exploración,0
2025-09-19,Funciones de exploración,0
2025-09-20,Funciones de exploración,0
2025-09-21,Funciones de exploración,0
2025-09-22,Funciones de exploración,0
2025-09-23,Funciones de exploración,0
2025-09-24,Funciones de exploración,0
2025-09-25,Funciones de exploración,0
2025-09-26,Funciones de exploración,0
2025-09-27,Funciones de exploración,0
2025-09-28,Funciones de exploración,0
2025-09-29,Funciones de exploración,0
2025-09-30,Funciones de exploración,0
2025-10-01,Funciones de exploración,0
2025-10-02,Funciones de exploración,0
2025-10-03,Funciones de exploración,0
2025-10-04,Funciones de exploración,0
2025-10-05,Funciones de exploración,0
2025-10-06,Funciones de exploración,0
2025-10-07,Funciones de exploración,0
2025-10-08,Funciones de exploración,0
2025-10-09,Funciones de exploración,0
2025-10-10,Funciones de exploración,0
2025-10-11,Funciones de exploración,0
2025-10-12,Funciones de exploración,0
2025-10-13,Funciones de exploración,0
2025-10-14,Funciones de exploración,0
2025-10-15,Funciones de exploración,0
2025-10-16,Funciones de exploración,0
2025-10-17,Funciones de exploración,0
2025-10-18,Funciones de exploración,0
2025-10-19,Funciones de exploración,0
2025-10-20,Funciones de exploración,0
2025-10-21,Funciones de exploración,0
2025-10-22,Funciones de exploración,0
2025-10-23,Funciones de exploración,0
2025-10-24,Funciones de exploración,0
2025-10-25,Funciones de exploración,0
2025-10-26,Funciones de exploración,0
2025-10-27,Funciones de exploración,0
2025-10-28,Funciones de exploración,0
2025-10-29,Funciones de exploración,0
2025-10-30,Funciones de exploración,0
2025-10-31,Funciones de exploración,0
2025-11-01,Funciones de exploración,0
2025-11-02,Funciones de exploración,0
2025-11-03,Funciones de exploración,0
2025-11-04,Funciones de exploración,0
2025-11-05,Funciones de exploración,0
2025-11-06,Funciones de exploración,0
2025-11-07,Funciones de exploración,0
2025-11-08,Funciones de exploración,0
2025-11-09,Funciones de exploración,0
2025-11-10,Funciones de exploración,0
2025-11-11,Funciones de exploración,0
2025-11-12,Funciones de exploración,0
2025-11-13,Funciones de exploración,0
2025-11-14,Funciones de exploración,0
2025-11-15,Funciones de exploración,0
2025-11-16,Funciones de exploración,0
2025-11-17,Funciones de exploración,0
2025-11-18,Funciones de exploración,0
2025-11-19,Funciones de exploración,0
2025-11-20,Funciones de exploración,0
2025-11-21,Funciones de exploración,0
2025-11-22,Funciones de exploración,0
2025-11-23,Funciones de exploración,0
2025-11-24,Funciones de exploración,0
2025-11-25,Funciones de exploración,0
2025-11-26,Funciones de exploración,0
2025-11-27,Funciones de exploración,0
2025-11-28,Funciones de exploración,0
2025-11-29,Funciones de exploración,0
2025-11-30,Funciones de exploración,0
2025-12-01,Funciones de exploración,0
2025-12-02,Funciones de exploración,0
2025-12-03,Funciones de exploración,0
2025-12-04,Funciones de exploración,0
2025-12-05,Funciones de exploración,0
2025-12-06,Funciones de exploración,0
2025-12-07,Funciones de exploración,0
2025-12-08,Funciones de exploración,0
2025-12-09,Funciones de exploración,0
2025-12-10,Funciones de exploración,0
2025-12-11,Funciones de exploración,0
2025-12-12,Funciones de exploración,0
2025-12-13,Funciones de exploración,0
2025-12-14,Funciones de exploración,0
2025-12-15,Funciones de exploración,0
2025-12-16,Funciones de exploración,0
2025-12-17,Funciones de exploración,0
2025-12-18,Funciones de exploración,0
2025-12-19,Funciones de exploración,0
2025-12-20,Funciones de exploración,0
2025-12-21,Funciones de exploración,0
2025-12-22,Funciones de exploración,0
2025-12-23,Funciones de exploración,0
2025-12-24,Funciones de exploración,0
2025-12-25,Funciones de exploración,0
2025-12-26,Funciones de exploración,0
2025-12-27,Funciones de exploración,0
2025-12-28,Funciones de exploración,0
2025-12-29,Funciones de exploración,0
2025-12-30,Funciones de exploración,0
2025-12-31,Funciones de exploración,0
2026-01-01,Funciones de exploración,0
2026-01-02,Funciones de exploración,0
2026-01-03,Funciones de exploración,0
2026-01-04,Funciones de exploración,0
2026-01-05,Funciones de exploración,0
2026-01-06,Funciones de exploración,0
2026-01-07,Funciones de exploración,0
2026-01-08,Funciones de exploración,0
2026-01-09,Funciones de exploración,0
2026-01-10,Funciones de exploración,0
2026-01-11,Funciones de exploración,0
2026-01-12,Funciones de exploración,0
2026-01-13,Funciones de exploración,1
2026-01-14,Funciones de exploración,0
2026-01-15,Funciones de exploración,0
2026-01-16,Funciones de exploración,0
2026-01-17,Funciones de exploración,0
2026-01-18,Funciones de exploración,0
2026-01-19,Funciones de exploración,0
2026-01-20,Funciones de exploración,0
2026-01-21,Funciones de exploración,0
2026-01-22,Funciones de exploración,0
2026-01-23,Funciones de exploración,0
2026-01-24,Funciones de exploración,1
2026-01-25,Funciones de exploración,0
2026-01-26,Funciones de exploración,0
2026-01-27,Funciones de exploración,0
2026-01-28,Funciones de exploración,2
2026-01-29,Funciones de exploración,0
2026-01-30,Funciones de exploración,0
2026-01-31,Funciones de exploración,0
2026-02-01,Funciones de exploración,0
2026-02-02,Funciones de exploración,0
2026-02-03,Funciones de exploración,0
2026-02-04,Funciones de exploración,0
2026-02-05,Funciones de exploración,1
2026-02-06,Funciones de exploración,0
2026-02-07,Funciones de exploración,1
2026-02-08,Funciones de exploración,0
2026-02-09,Funciones de exploración,0
2026-02-10,Funciones de exploración,0
2026-02-11,Funciones de exploración,1
2026-02-12,Funciones de exploración,0
2026-02-13,Funciones de exploración,0
2026-02-14,Funciones de exploración,0
2026-02-15,Funciones de exploración,0
2026-02-16,Funciones de exploración,0
2026-02-17,Funciones de exploración,0
2026-02-18,Funciones de exploración,0
2026-02-19,Funciones de exploración,0
2026-02-20,Funciones de exploración,0
2026-02-21,Funciones de exploración,0
2026-02-22,Funciones de exploración,0
2026-02-23,Funciones de exploración,0
2026-02-24,Funciones de exploración,0
2026-02-25,Funciones de exploración,0
2026-02-26,Funciones de exploración,0
2026-02-27,Funciones de exploración,0
2026-02-28,Funciones de exploración,0
2026-03-01,Funciones de exploración,0
2026-03-02,Funciones de exploración,0
2026-03-03,Funciones de exploración,0
2026-03-04,Funciones de exploración,0
2026-03-05,Funciones de exploración,0
2026-03-06,Funciones de exploración,0
2026-03-07,Funciones de exploración,0
2026-03-08,Funciones de exploración,0
2026-03-09,Funciones de exploración,0
2026-03-10,Funciones de exploración,0
2026-03-11,Funciones de exploración,0
2026-03-12,Funciones de exploración,0
2026-03-13,Funciones de exploración,0
2026-03-14,Funciones de exploración,0
2026-03-15,Funciones de exploración,0
2026-03-16,Funciones de exploración,0
2026-03-17,Funciones de exploración,0
2026-03-18,Funciones de exploración,0
2026-03-19,Funciones de exploración,0
2026-03-20,Funciones de exploración,0
2026-03-21,Funciones de exploración,0
2026-03-22,Funciones de exploración,0
2026-03-23,Funciones de exploración,0
2026-03-24,Funciones de exploración,0
2026-03-25,Funciones de exploración,0
2026-03-26,Funciones de exploración,0
2026-03-27,Funciones de exploración,0
2026-03-28,Funciones de exploración,0
2026-03-29,Funciones de exploración,0
2026-03-30,Funciones de exploración,0
2026-03-31,Funciones de exploración,0
2026-04-01,Funciones de exploración,0
2026-04-02,Funciones de exploración,0
2026-04-03,Funciones de exploración,0
2026-04-04,Funciones de exploración,0
2026-04-05,Funciones de exploración,0
2026-04-06,Funciones de exploración,0
2026-04-07,Funciones de exploración,0
2026-04-08,Funciones de exploración,0
2026-04-09,Funciones de exploración,0
2026-04-10,Funciones de exploración,0
2026-04-11,Funciones de exploración,0
2026-04-12,Funciones de exploración,0
2026-04-13,Funciones de exploración,0
2026-04-14,Funciones de exploración,0
2026-04-15,Funciones de exploración,0
2026-04-16,Funciones de exploración,0
2026-04-17,Funciones de exploración,0
2026-04-18,Funciones de exploración,0
2026-04-19,Funciones de exploración,0
2026-04-20,Funciones de exploración,0
2026-04-21,Funciones de exploración,0
2026-04-22,Funciones de exploración,0
2026-04-23,Funciones de exploración,0
2026-04-24,Funciones de exploración,0
2026-04-25,Funciones de exploración,0
2026-04-26,Funciones de exploración,0
2026-04-27,Funciones de exploración,1
2026-04-28,Funciones de exploración,0
2026-04-29,Funciones de exploración,0
2026-04-30,Funciones de exploración,0
2025-07-14,Páginas de canal,0
2025-07-15,Páginas de canal,0
2025-07-16,Páginas de canal,0
2025-07-17,Páginas de canal,0
2025-07-18,Páginas de canal,0
2025-07-19,Páginas de canal,0
2025-07-20,Páginas de canal,0
2025-07-21,Páginas de canal,0
2025-07-22,Páginas de canal,0
2025-07-23,Páginas de canal,0
2025-07-24,Páginas de canal,0
2025-07-25,Páginas de canal,0
2025-07-26,Páginas de canal,0
2025-07-27,Páginas de canal,0
2025-07-28,Páginas de canal,0
2025-07-29,Páginas de canal,0
2025-07-30,Páginas de canal,0
2025-07-31,Páginas de canal,0
2025-08-01,Páginas de canal,0
2025-08-02,Páginas de canal,0
2025-08-03,Páginas de canal,0
2025-08-04,Páginas de canal,0
2025-08-05,Páginas de canal,0
2025-08-06,Páginas de canal,0
2025-08-07,Páginas de canal,0
2025-08-08,Páginas de canal,0
2025-08-09,Páginas de canal,0
2025-08-10,Páginas de canal,0
2025-08-11,Páginas de canal,0
2025-08-12,Páginas de canal,0
2025-08-13,Páginas de canal,0
2025-08-14,Páginas de canal,0
2025-08-15,Páginas de canal,0
2025-08-16,Páginas de canal,0
2025-08-17,Páginas de canal,0
2025-08-18,Páginas de canal,0
2025-08-19,Páginas de canal,0
2025-08-20,Páginas de canal,0
2025-08-21,Páginas de canal,0
2025-08-22,Páginas de canal,0
2025-08-23,Páginas de canal,0
2025-08-24,Páginas de canal,0
2025-08-25,Páginas de canal,0
2025-08-26,Páginas de canal,0
2025-08-27,Páginas de canal,0
2025-08-28,Páginas de canal,0
2025-08-29,Páginas de canal,0
2025-08-30,Páginas de canal,0
2025-08-31,Páginas de canal,0
2025-09-01,Páginas de canal,0
2025-09-02,Páginas de canal,0
2025-09-03,Páginas de canal,0
2025-09-04,Páginas de canal,0
2025-09-05,Páginas de canal,0
2025-09-06,Páginas de canal,0
2025-09-07,Páginas de canal,0
2025-09-08,Páginas de canal,0
2025-09-09,Páginas de canal,0
2025-09-10,Páginas de canal,0
2025-09-11,Páginas de canal,0
2025-09-12,Páginas de canal,0
2025-09-13,Páginas de canal,0
2025-09-14,Páginas de canal,0
2025-09-15,Páginas de canal,0
2025-09-16,Páginas de canal,0
2025-09-17,Páginas de canal,0
2025-09-18,Páginas de canal,0
2025-09-19,Páginas de canal,0
2025-09-20,Páginas de canal,0
2025-09-21,Páginas de canal,0
2025-09-22,Páginas de canal,0
2025-09-23,Páginas de canal,0
2025-09-24,Páginas de canal,0
2025-09-25,Páginas de canal,0
2025-09-26,Páginas de canal,0
2025-09-27,Páginas de canal,0
2025-09-28,Páginas de canal,0
2025-09-29,Páginas de canal,0
2025-09-30,Páginas de canal,0
2025-10-01,Páginas de canal,0
2025-10-02,Páginas de canal,0
2025-10-03,Páginas de canal,0
2025-10-04,Páginas de canal,0
2025-10-05,Páginas de canal,0
2025-10-06,Páginas de canal,0
2025-10-07,Páginas de canal,0
2025-10-08,Páginas de canal,0
2025-10-09,Páginas de canal,0
2025-10-10,Páginas de canal,0
2025-10-11,Páginas de canal,0
2025-10-12,Páginas de canal,0
2025-10-13,Páginas de canal,0
2025-10-14,Páginas de canal,0
2025-10-15,Páginas de canal,0
2025-10-16,Páginas de canal,0
2025-10-17,Páginas de canal,0
2025-10-18,Páginas de canal,0
2025-10-19,Páginas de canal,0
2025-10-20,Páginas de canal,0
2025-10-21,Páginas de canal,0
2025-10-22,Páginas de canal,0
2025-10-23,Páginas de canal,0
2025-10-24,Páginas de canal,0
2025-10-25,Páginas de canal,0
2025-10-26,Páginas de canal,0
2025-10-27,Páginas de canal,0
2025-10-28,Páginas de canal,0
2025-10-29,Páginas de canal,0
2025-10-30,Páginas de canal,0
2025-10-31,Páginas de canal,0
2025-11-01,Páginas de canal,0
2025-11-02,Páginas de canal,0
2025-11-03,Páginas de canal,0
2025-11-04,Páginas de canal,0
2025-11-05,Páginas de canal,0
2025-11-06,Páginas de canal,0
2025-11-07,Páginas de canal,0
2025-11-08,Páginas de canal,0
2025-11-09,Páginas de canal,0
2025-11-10,Páginas de canal,2
2025-11-11,Páginas de canal,0
2025-11-12,Páginas de canal,0
2025-11-13,Páginas de canal,0
2025-11-14,Páginas de canal,0
2025-11-15,Páginas de canal,0
2025-11-16,Páginas de canal,0
2025-11-17,Páginas de canal,0
2025-11-18,Páginas de canal,0
2025-11-19,Páginas de canal,0
2025-11-20,Páginas de canal,1
2025-11-21,Páginas de canal,0
2025-11-22,Páginas de canal,0
2025-11-23,Páginas de canal,0
2025-11-24,Páginas de canal,0
2025-11-25,Páginas de canal,0
2025-11-26,Páginas de canal,0
2025-11-27,Páginas de canal,0
2025-11-28,Páginas de canal,0
2025-11-29,Páginas de canal,0
2025-11-30,Páginas de canal,1
2025-12-01,Páginas de canal,0
2025-12-02,Páginas de canal,0
2025-12-03,Páginas de canal,0
2025-12-04,Páginas de canal,0
2025-12-05,Páginas de canal,7
2025-12-06,Páginas de canal,2
2025-12-07,Páginas de canal,0
2025-12-08,Páginas de canal,12
2025-12-09,Páginas de canal,0
2025-12-10,Páginas de canal,0
2025-12-11,Páginas de canal,0
2025-12-12,Páginas de canal,0
2025-12-13,Páginas de canal,0
2025-12-14,Páginas de canal,0
2025-12-15,Páginas de canal,0
2025-12-16,Páginas de canal,0
2025-12-17,Páginas de canal,0
2025-12-18,Páginas de canal,0
2025-12-19,Páginas de canal,0
2025-12-20,Páginas de canal,0
2025-12-21,Páginas de canal,0
2025-12-22,Páginas de canal,0
2025-12-23,Páginas de canal,0
2025-12-24,Páginas de canal,0
2025-12-25,Páginas de canal,0
2025-12-26,Páginas de canal,0
2025-12-27,Páginas de canal,0
2025-12-28,Páginas de canal,0
2025-12-29,Páginas de canal,0
2025-12-30,Páginas de canal,0
2025-12-31,Páginas de canal,0
2026-01-01,Páginas de canal,0
2026-01-02,Páginas de canal,0
2026-01-03,Páginas de canal,0
2026-01-04,Páginas de canal,0
2026-01-05,Páginas de canal,0
2026-01-06,Páginas de canal,0
2026-01-07,Páginas de canal,0
2026-01-08,Páginas de canal,0
2026-01-09,Páginas de canal,0
2026-01-10,Páginas de canal,0
2026-01-11,Páginas de canal,0
2026-01-12,Páginas de canal,0
2026-01-13,Páginas de canal,0
2026-01-14,Páginas de canal,0
2026-01-15,Páginas de canal,0
2026-01-16,Páginas de canal,0
2026-01-17,Páginas de canal,0
2026-01-18,Páginas de canal,0
2026-01-19,Páginas de canal,0
2026-01-20,Páginas de canal,0
2026-01-21,Páginas de canal,0
2026-01-22,Páginas de canal,0
2026-01-23,Páginas de canal,0
2026-01-24,Páginas de canal,0
2026-01-25,Páginas de canal,0
2026-01-26,Páginas de canal,0
2026-01-27,Páginas de canal,0
2026-01-28,Páginas de canal,0
2026-01-29,Páginas de canal,1
2026-01-30,Páginas de canal,0
2026-01-31,Páginas de canal,0
2026-02-01,Páginas de canal,0
2026-02-02,Páginas de canal,0
2026-02-03,Páginas de canal,0
2026-02-04,Páginas de canal,0
2026-02-05,Páginas de canal,0
2026-02-06,Páginas de canal,0
2026-02-07,Páginas de canal,0
2026-02-08,Páginas de canal,0
2026-02-09,Páginas de canal,0
2026-02-10,Páginas de canal,0
2026-02-11,Páginas de canal,0
2026-02-12,Páginas de canal,0
2026-02-13,Páginas de canal,0
2026-02-14,Páginas de canal,0
2026-02-15,Páginas de canal,0
2026-02-16,Páginas de canal,0
2026-02-17,Páginas de canal,0
2026-02-18,Páginas de canal,0
2026-02-19,Páginas de canal,0
2026-02-20,Páginas de canal,0
2026-02-21,Páginas de canal,0
2026-02-22,Páginas de canal,0
2026-02-23,Páginas de canal,0
2026-02-24,Páginas de canal,0
2026-02-25,Páginas de canal,0
2026-02-26,Páginas de canal,0
2026-02-27,Páginas de canal,0
2026-02-28,Páginas de canal,0
2026-03-01,Páginas de canal,0
2026-03-02,Páginas de canal,2
2026-03-03,Páginas de canal,0
2026-03-04,Páginas de canal,2
2026-03-05,Páginas de canal,0
2026-03-06,Páginas de canal,0
2026-03-07,Páginas de canal,0
2026-03-08,Páginas de canal,0
2026-03-09,Páginas de canal,0
2026-03-10,Páginas de canal,0
2026-03-11,Páginas de canal,0
2026-03-12,Páginas de canal,1
2026-03-13,Páginas de canal,0
2026-03-14,Páginas de canal,0
2026-03-15,Páginas de canal,0
2026-03-16,Páginas de canal,0
2026-03-17,Páginas de canal,1
2026-03-18,Páginas de canal,0
2026-03-19,Páginas de canal,0
2026-03-20,Páginas de canal,0
2026-03-21,Páginas de canal,0
2026-03-22,Páginas de canal,0
2026-03-23,Páginas de canal,0
2026-03-24,Páginas de canal,9
2026-03-25,Páginas de canal,0
2026-03-26,Páginas de canal,0
2026-03-27,Páginas de canal,0
2026-03-28,Páginas de canal,0
2026-03-29,Páginas de canal,0
2026-03-30,Páginas de canal,0
2026-03-31,Páginas de canal,2
2026-04-01,Páginas de canal,0
2026-04-02,Páginas de canal,0
2026-04-03,Páginas de canal,0
2026-04-04,Páginas de canal,0
2026-04-05,Páginas de canal,0
2026-04-06,Páginas de canal,0
2026-04-07,Páginas de canal,0
2026-04-08,Páginas de canal,2
2026-04-09,Páginas de canal,1
2026-04-10,Páginas de canal,0
2026-04-11,Páginas de canal,0
2026-04-12,Páginas de canal,0
2026-04-13,Páginas de canal,0
2026-04-14,Páginas de canal,0
2026-04-15,Páginas de canal,0
2026-04-16,Páginas de canal,0
2026-04-17,Páginas de canal,0
2026-04-18,Páginas de canal,0
2026-04-19,Páginas de canal,0
2026-04-20,Páginas de canal,0
2026-04-21,Páginas de canal,0
2026-04-22,Páginas de canal,0
2026-04-23,Páginas de canal,0
2026-04-24,Páginas de canal,0
2026-04-25,Páginas de canal,0
2026-04-26,Páginas de canal,0
2026-04-27,Páginas de canal,0
2026-04-28,Páginas de canal,0
2026-04-29,Páginas de canal,0
2026-04-30,Páginas de canal,0
2025-07-14,Búsqueda de YouTube,0
2025-07-15,Búsqueda de YouTube,0
2025-07-16,Búsqueda de YouTube,0
2025-07-17,Búsqueda de YouTube,0
2025-07-18,Búsqueda de YouTube,0
2025-07-19,Búsqueda de YouTube,0
2025-07-20,Búsqueda de YouTube,0
2025-07-21,Búsqueda de YouTube,0
2025-07-22,Búsqueda de YouTube,0
2025-07-23,Búsqueda de YouTube,0
2025-07-24,Búsqueda de YouTube,0
2025-07-25,Búsqueda de YouTube,0
2025-07-26,Búsqueda de YouTube,0
2025-07-27,Búsqueda de YouTube,0
2025-07-28,Búsqueda de YouTube,0
2025-07-29,Búsqueda de YouTube,0
2025-07-30,Búsqueda de YouTube,0
2025-07-31,Búsqueda de YouTube,0
2025-08-01,Búsqueda de YouTube,0
2025-08-02,Búsqueda de YouTube,0
2025-08-03,Búsqueda de YouTube,0
2025-08-04,Búsqueda de YouTube,0
2025-08-05,Búsqueda de YouTube,0
2025-08-06,Búsqueda de YouTube,0
2025-08-07,Búsqueda de YouTube,0
2025-08-08,Búsqueda de YouTube,0
2025-08-09,Búsqueda de YouTube,0
2025-08-10,Búsqueda de YouTube,0
2025-08-11,Búsqueda de YouTube,0
2025-08-12,Búsqueda de YouTube,0
2025-08-13,Búsqueda de YouTube,0
2025-08-14,Búsqueda de YouTube,0
2025-08-15,Búsqueda de YouTube,0
2025-08-16,Búsqueda de YouTube,0
2025-08-17,Búsqueda de YouTube,0
2025-08-18,Búsqueda de YouTube,0
2025-08-19,Búsqueda de YouTube,0
2025-08-20,Búsqueda de YouTube,0
2025-08-21,Búsqueda de YouTube,0
2025-08-22,Búsqueda de YouTube,0
2025-08-23,Búsqueda de YouTube,0
2025-08-24,Búsqueda de YouTube,0
2025-08-25,Búsqueda de YouTube,0
2025-08-26,Búsqueda de YouTube,0
2025-08-27,Búsqueda de YouTube,0
2025-08-28,Búsqueda de YouTube,0
2025-08-29,Búsqueda de YouTube,0
2025-08-30,Búsqueda de YouTube,0
2025-08-31,Búsqueda de YouTube,0
2025-09-01,Búsqueda de YouTube,0
2025-09-02,Búsqueda de YouTube,0
2025-09-03,Búsqueda de YouTube,0
2025-09-04,Búsqueda de YouTube,18
2025-09-05,Búsqueda de YouTube,1
2025-09-06,Búsqueda de YouTube,4
2025-09-07,Búsqueda de YouTube,0
2025-09-08,Búsqueda de YouTube,0
2025-09-09,Búsqueda de YouTube,1
2025-09-10,Búsqueda de YouTube,0
2025-09-11,Búsqueda de YouTube,0
2025-09-12,Búsqueda de YouTube,0
2025-09-13,Búsqueda de YouTube,1
2025-09-14,Búsqueda de YouTube,0
2025-09-15,Búsqueda de YouTube,0
2025-09-16,Búsqueda de YouTube,1
2025-09-17,Búsqueda de YouTube,0
2025-09-18,Búsqueda de YouTube,1
2025-09-19,Búsqueda de YouTube,0
2025-09-20,Búsqueda de YouTube,0
2025-09-21,Búsqueda de YouTube,0
2025-09-22,Búsqueda de YouTube,0
2025-09-23,Búsqueda de YouTube,0
2025-09-24,Búsqueda de YouTube,0
2025-09-25,Búsqueda de YouTube,0
2025-09-26,Búsqueda de YouTube,0
2025-09-27,Búsqueda de YouTube,1
2025-09-28,Búsqueda de YouTube,0
2025-09-29,Búsqueda de YouTube,0
2025-09-30,Búsqueda de YouTube,0
2025-10-01,Búsqueda de YouTube,0
2025-10-02,Búsqueda de YouTube,1
2025-10-03,Búsqueda de YouTube,1
2025-10-04,Búsqueda de YouTube,0
2025-10-05,Búsqueda de YouTube,0
2025-10-06,Búsqueda de YouTube,1
2025-10-07,Búsqueda de YouTube,0
2025-10-08,Búsqueda de YouTube,0
2025-10-09,Búsqueda de YouTube,0
2025-10-10,Búsqueda de YouTube,1
2025-10-11,Búsqueda de YouTube,2
2025-10-12,Búsqueda de YouTube,0
2025-10-13,Búsqueda de YouTube,2
2025-10-14,Búsqueda de YouTube,0
2025-10-15,Búsqueda de YouTube,0
2025-10-16,Búsqueda de YouTube,0
2025-10-17,Búsqueda de YouTube,0
2025-10-18,Búsqueda de YouTube,0
2025-10-19,Búsqueda de YouTube,1
2025-10-20,Búsqueda de YouTube,0
2025-10-21,Búsqueda de YouTube,0
2025-10-22,Búsqueda de YouTube,0
2025-10-23,Búsqueda de YouTube,1
2025-10-24,Búsqueda de YouTube,1
2025-10-25,Búsqueda de YouTube,2
2025-10-26,Búsqueda de YouTube,1
2025-10-27,Búsqueda de YouTube,0
2025-10-28,Búsqueda de YouTube,0
2025-10-29,Búsqueda de YouTube,0
2025-10-30,Búsqueda de YouTube,0
2025-10-31,Búsqueda de YouTube,0
2025-11-01,Búsqueda de YouTube,0
2025-11-02,Búsqueda de YouTube,0
2025-11-03,Búsqueda de YouTube,0
2025-11-04,Búsqueda de YouTube,0
2025-11-05,Búsqueda de YouTube,0
2025-11-06,Búsqueda de YouTube,1
2025-11-07,Búsqueda de YouTube,1
2025-11-08,Búsqueda de YouTube,0
2025-11-09,Búsqueda de YouTube,0
2025-11-10,Búsqueda de YouTube,19
2025-11-11,Búsqueda de YouTube,0
2025-11-12,Búsqueda de YouTube,1
2025-11-13,Búsqueda de YouTube,0
2025-11-14,Búsqueda de YouTube,0
2025-11-15,Búsqueda de YouTube,0
2025-11-16,Búsqueda de YouTube,0
2025-11-17,Búsqueda de YouTube,0
2025-11-18,Búsqueda de YouTube,1
2025-11-19,Búsqueda de YouTube,0
2025-11-20,Búsqueda de YouTube,12
2025-11-21,Búsqueda de YouTube,1
2025-11-22,Búsqueda de YouTube,3
2025-11-23,Búsqueda de YouTube,2
2025-11-24,Búsqueda de YouTube,4
2025-11-25,Búsqueda de YouTube,1
2025-11-26,Búsqueda de YouTube,0
2025-11-27,Búsqueda de YouTube,0
2025-11-28,Búsqueda de YouTube,0
2025-11-29,Búsqueda de YouTube,0
2025-11-30,Búsqueda de YouTube,2
2025-12-01,Búsqueda de YouTube,0
2025-12-02,Búsqueda de YouTube,1
2025-12-03,Búsqueda de YouTube,0
2025-12-04,Búsqueda de YouTube,1
2025-12-05,Búsqueda de YouTube,18
2025-12-06,Búsqueda de YouTube,1
2025-12-07,Búsqueda de YouTube,0
2025-12-08,Búsqueda de YouTube,8
2025-12-09,Búsqueda de YouTube,7
2025-12-10,Búsqueda de YouTube,4
2025-12-11,Búsqueda de YouTube,0
2025-12-12,Búsqueda de YouTube,0
2025-12-13,Búsqueda de YouTube,0
2025-12-14,Búsqueda de YouTube,1
2025-12-15,Búsqueda de YouTube,0
2025-12-16,Búsqueda de YouTube,0
2025-12-17,Búsqueda de YouTube,0
2025-12-18,Búsqueda de YouTube,0
2025-12-19,Búsqueda de YouTube,0
2025-12-20,Búsqueda de YouTube,1
2025-12-21,Búsqueda de YouTube,0
2025-12-22,Búsqueda de YouTube,1
2025-12-23,Búsqueda de YouTube,0
2025-12-24,Búsqueda de YouTube,0
2025-12-25,Búsqueda de YouTube,2
2025-12-26,Búsqueda de YouTube,0
2025-12-27,Búsqueda de YouTube,0
2025-12-28,Búsqueda de YouTube,1
2025-12-29,Búsqueda de YouTube,0
2025-12-30,Búsqueda de YouTube,0
2025-12-31,Búsqueda de YouTube,0
2026-01-01,Búsqueda de YouTube,0
2026-01-02,Búsqueda de YouTube,0
2026-01-03,Búsqueda de YouTube,0
2026-01-04,Búsqueda de YouTube,1
2026-01-05,Búsqueda de YouTube,0
2026-01-06,Búsqueda de YouTube,0
2026-01-07,Búsqueda de YouTube,1
2026-01-08,Búsqueda de YouTube,0
2026-01-09,Búsqueda de YouTube,2
2026-01-10,Búsqueda de YouTube,8
2026-01-11,Búsqueda de YouTube,3
2026-01-12,Búsqueda de YouTube,2
2026-01-13,Búsqueda de YouTube,0
2026-01-14,Búsqueda de YouTube,0
2026-01-15,Búsqueda de YouTube,0
2026-01-16,Búsqueda de YouTube,0
2026-01-17,Búsqueda de YouTube,0
2026-01-18,Búsqueda de YouTube,0
2026-01-19,Búsqueda de YouTube,1
2026-01-20,Búsqueda de YouTube,0
2026-01-21,Búsqueda de YouTube,0
2026-01-22,Búsqueda de YouTube,0
2026-01-23,Búsqueda de YouTube,0
2026-01-24,Búsqueda de YouTube,0
2026-01-25,Búsqueda de YouTube,0
2026-01-26,Búsqueda de YouTube,0
2026-01-27,Búsqueda de YouTube,0
2026-01-28,Búsqueda de YouTube,0
2026-01-29,Búsqueda de YouTube,0
2026-01-30,Búsqueda de YouTube,0
2026-01-31,Búsqueda de YouTube,0
2026-02-01,Búsqueda de YouTube,0
2026-02-02,Búsqueda de YouTube,0
2026-02-03,Búsqueda de YouTube,0
2026-02-04,Búsqueda de YouTube,0
2026-02-05,Búsqueda de YouTube,0
2026-02-06,Búsqueda de YouTube,0
2026-02-07,Búsqueda de YouTube,0
2026-02-08,Búsqueda de YouTube,1
2026-02-09,Búsqueda de YouTube,1
2026-02-10,Búsqueda de YouTube,1
2026-02-11,Búsqueda de YouTube,0
2026-02-12,Búsqueda de YouTube,0
2026-02-13,Búsqueda de YouTube,1
2026-02-14,Búsqueda de YouTube,0
2026-02-15,Búsqueda de YouTube,0
2026-02-16,Búsqueda de YouTube,1
2026-02-17,Búsqueda de YouTube,0
2026-02-18,Búsqueda de YouTube,0
2026-02-19,Búsqueda de YouTube,0
2026-02-20,Búsqueda de YouTube,0
2026-02-21,Búsqueda de YouTube,0
2026-02-22,Búsqueda de YouTube,0
2026-02-23,Búsqueda de YouTube,0
2026-02-24,Búsqueda de YouTube,1
2026-02-25,Búsqueda de YouTube,0
2026-02-26,Búsqueda de YouTube,0
2026-02-27,Búsqueda de YouTube,1
2026-02-28,Búsqueda de YouTube,0
2026-03-01,Búsqueda de YouTube,0
2026-03-02,Búsqueda de YouTube,0
2026-03-03,Búsqueda de YouTube,0
2026-03-04,Búsqueda de YouTube,4
2026-03-05,Búsqueda de YouTube,5
2026-03-06,Búsqueda de YouTube,9
2026-03-07,Búsqueda de YouTube,0
2026-03-08,Búsqueda de YouTube,0
2026-03-09,Búsqueda de YouTube,0
2026-03-10,Búsqueda de YouTube,0
2026-03-11,Búsqueda de YouTube,2
2026-03-12,Búsqueda de YouTube,7
2026-03-13,Búsqueda de YouTube,1
2026-03-14,Búsqueda de YouTube,1
2026-03-15,Búsqueda de YouTube,1
2026-03-16,Búsqueda de YouTube,0
2026-03-17,Búsqueda de YouTube,1
2026-03-18,Búsqueda de YouTube,1
2026-03-19,Búsqueda de YouTube,0
2026-03-20,Búsqueda de YouTube,0
2026-03-21,Búsqueda de YouTube,0
2026-03-22,Búsqueda de YouTube,0
2026-03-23,Búsqueda de YouTube,0
2026-03-24,Búsqueda de YouTube,1
2026-03-25,Búsqueda de YouTube,3
2026-03-26,Búsqueda de YouTube,2
2026-03-27,Búsqueda de YouTube,0
2026-03-28,Búsqueda de YouTube,1
2026-03-29,Búsqueda de YouTube,0
2026-03-30,Búsqueda de YouTube,0
2026-03-31,Búsqueda de YouTube,10
2026-04-01,Búsqueda de YouTube,1
2026-04-02,Búsqueda de YouTube,6
2026-04-03,Búsqueda de YouTube,1
2026-04-04,Búsqueda de YouTube,1
2026-04-05,Búsqueda de YouTube,1
2026-04-06,Búsqueda de YouTube,0
2026-04-07,Búsqueda de YouTube,1
2026-04-08,Búsqueda de YouTube,9
2026-04-09,Búsqueda de YouTube,0
2026-04-10,Búsqueda de YouTube,1
2026-04-11,Búsqueda de YouTube,0
2026-04-12,Búsqueda de YouTube,0
2026-04-13,Búsqueda de YouTube,1
2026-04-14,Búsqueda de YouTube,0
2026-04-15,Búsqueda de YouTube,2
2026-04-16,Búsqueda de YouTube,0
2026-04-17,Búsqueda de YouTube,1
2026-04-18,Búsqueda de YouTube,1
2026-04-19,Búsqueda de YouTube,2
2026-04-20,Búsqueda de YouTube,0
2026-04-21,Búsqueda de YouTube,0
2026-04-22,Búsqueda de YouTube,2
2026-04-23,Búsqueda de YouTube,0
2026-04-24,Búsqueda de YouTube,0
2026-04-25,Búsqueda de YouTube,0
2026-04-26,Búsqueda de YouTube,0
2026-04-27,Búsqueda de YouTube,0
2026-04-28,Búsqueda de YouTube,0
2026-04-29,Búsqueda de YouTube,0
2026-04-30,Búsqueda de YouTube,0
2025-07-14,Vídeos sugeridos,0
2025-07-15,Vídeos sugeridos,0
2025-07-16,Vídeos sugeridos,0
2025-07-17,Vídeos sugeridos,0
2025-07-18,Vídeos sugeridos,0
2025-07-19,Vídeos sugeridos,0
2025-07-20,Vídeos sugeridos,0
2025-07-21,Vídeos sugeridos,0
2025-07-22,Vídeos sugeridos,0
2025-07-23,Vídeos sugeridos,0
2025-07-24,Vídeos sugeridos,0
2025-07-25,Vídeos sugeridos,0
2025-07-26,Vídeos sugeridos,0
2025-07-27,Vídeos sugeridos,0
2025-07-28,Vídeos sugeridos,0
2025-07-29,Vídeos sugeridos,0
2025-07-30,Vídeos sugeridos,0
2025-07-31,Vídeos sugeridos,0
2025-08-01,Vídeos sugeridos,0
2025-08-02,Vídeos sugeridos,0
2025-08-03,Vídeos sugeridos,0
2025-08-04,Vídeos sugeridos,0
2025-08-05,Vídeos sugeridos,0
2025-08-06,Vídeos sugeridos,0
2025-08-07,Vídeos sugeridos,0
2025-08-08,Vídeos sugeridos,0
2025-08-09,Vídeos sugeridos,0
2025-08-10,Vídeos sugeridos,0
2025-08-11,Vídeos sugeridos,0
2025-08-12,Vídeos sugeridos,0
2025-08-13,Vídeos sugeridos,0
2025-08-14,Vídeos sugeridos,0
2025-08-15,Vídeos sugeridos,0
2025-08-16,Vídeos sugeridos,0
2025-08-17,Vídeos sugeridos,0
2025-08-18,Vídeos sugeridos,0
2025-08-19,Vídeos sugeridos,0
2025-08-20,Vídeos sugeridos,0
2025-08-21,Vídeos sugeridos,0
2025-08-22,Vídeos sugeridos,0
2025-08-23,Vídeos sugeridos,0
2025-08-24,Vídeos sugeridos,0
2025-08-25,Vídeos sugeridos,0
2025-08-26,Vídeos sugeridos,0
2025-08-27,Vídeos sugeridos,0
2025-08-28,Vídeos sugeridos,0
2025-08-29,Vídeos sugeridos,0
2025-08-30,Vídeos sugeridos,0
2025-08-31,Vídeos sugeridos,0
2025-09-01,Vídeos sugeridos,0
2025-09-02,Vídeos sugeridos,0
2025-09-03,Vídeos sugeridos,0
2025-09-04,Vídeos sugeridos,0
2025-09-05,Vídeos sugeridos,0
2025-09-06,Vídeos sugeridos,0
2025-09-07,Vídeos sugeridos,0
2025-09-08,Vídeos sugeridos,0
2025-09-09,Vídeos sugeridos,0
2025-09-10,Vídeos sugeridos,0
2025-09-11,Vídeos sugeridos,0
2025-09-12,Vídeos sugeridos,0
2025-09-13,Vídeos sugeridos,0
2025-09-14,Vídeos sugeridos,0
2025-09-15,Vídeos sugeridos,0
2025-09-16,Vídeos sugeridos,0
2025-09-17,Vídeos sugeridos,0
2025-09-18,Vídeos sugeridos,0
2025-09-19,Vídeos sugeridos,0
2025-09-20,Vídeos sugeridos,0
2025-09-21,Vídeos sugeridos,0
2025-09-22,Vídeos sugeridos,0
2025-09-23,Vídeos sugeridos,0
2025-09-24,Vídeos sugeridos,0
2025-09-25,Vídeos sugeridos,0
2025-09-26,Vídeos sugeridos,0
2025-09-27,Vídeos sugeridos,0
2025-09-28,Vídeos sugeridos,0
2025-09-29,Vídeos sugeridos,0
2025-09-30,Vídeos sugeridos,0
2025-10-01,Vídeos sugeridos,0
2025-10-02,Vídeos sugeridos,0
2025-10-03,Vídeos sugeridos,0
2025-10-04,Vídeos sugeridos,0
2025-10-05,Vídeos sugeridos,0
2025-10-06,Vídeos sugeridos,0
2025-10-07,Vídeos sugeridos,0
2025-10-08,Vídeos sugeridos,0
2025-10-09,Vídeos sugeridos,0
2025-10-10,Vídeos sugeridos,0
2025-10-11,Vídeos sugeridos,0
2025-10-12,Vídeos sugeridos,0
2025-10-13,Vídeos sugeridos,0
2025-10-14,Vídeos sugeridos,0
2025-10-15,Vídeos sugeridos,0
2025-10-16,Vídeos sugeridos,0
2025-10-17,Vídeos sugeridos,0
2025-10-18,Vídeos sugeridos,0
2025-10-19,Vídeos sugeridos,0
2025-10-20,Vídeos sugeridos,0
2025-10-21,Vídeos sugeridos,0
2025-10-22,Vídeos sugeridos,0
2025-10-23,Vídeos sugeridos,0
2025-10-24,Vídeos sugeridos,0
2025-10-25,Vídeos sugeridos,0
2025-10-26,Vídeos sugeridos,0
2025-10-27,Vídeos sugeridos,0
2025-10-28,Vídeos sugeridos,0
2025-10-29,Vídeos sugeridos,0
2025-10-30,Vídeos sugeridos,0
2025-10-31,Vídeos sugeridos,0
2025-11-01,Vídeos sugeridos,0
2025-11-02,Vídeos sugeridos,0
2025-11-03,Vídeos sugeridos,0
2025-11-04,Vídeos sugeridos,0
2025-11-05,Vídeos sugeridos,0
2025-11-06,Vídeos sugeridos,0
2025-11-07,Vídeos sugeridos,0
2025-11-08,Vídeos sugeridos,0
2025-11-09,Vídeos sugeridos,0
2025-11-10,Vídeos sugeridos,0
2025-11-11,Vídeos sugeridos,0
2025-11-12,Vídeos sugeridos,0
2025-11-13,Vídeos sugeridos,0
2025-11-14,Vídeos sugeridos,0
2025-11-15,Vídeos sugeridos,0
2025-11-16,Vídeos sugeridos,0
2025-11-17,Vídeos sugeridos,0
2025-11-18,Vídeos sugeridos,0
2025-11-19,Vídeos sugeridos,0
2025-11-20,Vídeos sugeridos,0
2025-11-21,Vídeos sugeridos,0
2025-11-22,Vídeos sugeridos,0
2025-11-23,Vídeos sugeridos,0
2025-11-24,Vídeos sugeridos,0
2025-11-25,Vídeos sugeridos,0
2025-11-26,Vídeos sugeridos,0
2025-11-27,Vídeos sugeridos,0
2025-11-28,Vídeos sugeridos,0
2025-11-29,Vídeos sugeridos,0
2025-11-30,Vídeos sugeridos,0
2025-12-01,Vídeos sugeridos,0
2025-12-02,Vídeos sugeridos,0
2025-12-03,Vídeos sugeridos,0
2025-12-04,Vídeos sugeridos,0
2025-12-05,Vídeos sugeridos,0
2025-12-06,Vídeos sugeridos,0
2025-12-07,Vídeos sugeridos,0
2025-12-08,Vídeos sugeridos,0
2025-12-09,Vídeos sugeridos,0
2025-12-10,Vídeos sugeridos,0
2025-12-11,Vídeos sugeridos,0
2025-12-12,Vídeos sugeridos,0
2025-12-13,Vídeos sugeridos,0
2025-12-14,Vídeos sugeridos,0
2025-12-15,Vídeos sugeridos,0
2025-12-16,Vídeos sugeridos,0
2025-12-17,Vídeos sugeridos,0
2025-12-18,Vídeos sugeridos,0
2025-12-19,Vídeos sugeridos,0
2025-12-20,Vídeos sugeridos,0
2025-12-21,Vídeos sugeridos,0
2025-12-22,Vídeos sugeridos,0
2025-12-23,Vídeos sugeridos,0
2025-12-24,Vídeos sugeridos,0
2025-12-25,Vídeos sugeridos,0
2025-12-26,Vídeos sugeridos,0
2025-12-27,Vídeos sugeridos,0
2025-12-28,Vídeos sugeridos,0
2025-12-29,Vídeos sugeridos,0
2025-12-30,Vídeos sugeridos,0
2025-12-31,Vídeos sugeridos,0
2026-01-01,Vídeos sugeridos,0
2026-01-02,Vídeos sugeridos,0
2026-01-03,Vídeos sugeridos,0
2026-01-04,Vídeos sugeridos,0
2026-01-05,Vídeos sugeridos,0
2026-01-06,Vídeos sugeridos,0
2026-01-07,Vídeos sugeridos,0
2026-01-08,Vídeos sugeridos,0
2026-01-09,Vídeos sugeridos,0
2026-01-10,Vídeos sugeridos,0
2026-01-11,Vídeos sugeridos,0
2026-01-12,Vídeos sugeridos,0
2026-01-13,Vídeos sugeridos,0
2026-01-14,Vídeos sugeridos,0
2026-01-15,Vídeos sugeridos,0
2026-01-16,Vídeos sugeridos,0
2026-01-17,Vídeos sugeridos,0
2026-01-18,Vídeos sugeridos,0
2026-01-19,Vídeos sugeridos,0
2026-01-20,Vídeos sugeridos,0
2026-01-21,Vídeos sugeridos,0
2026-01-22,Vídeos sugeridos,0
2026-01-23,Vídeos sugeridos,0
2026-01-24,Vídeos sugeridos,0
2026-01-25,Vídeos sugeridos,0
2026-01-26,Vídeos sugeridos,0
2026-01-27,Vídeos sugeridos,0
2026-01-28,Vídeos sugeridos,0
2026-01-29,Vídeos sugeridos,0
2026-01-30,Vídeos sugeridos,0
2026-01-31,Vídeos sugeridos,0
2026-02-01,Vídeos sugeridos,0
2026-02-02,Vídeos sugeridos,0
2026-02-03,Vídeos sugeridos,0
2026-02-04,Vídeos sugeridos,0
2026-02-05,Vídeos sugeridos,0
2026-02-06,Vídeos sugeridos,0
2026-02-07,Vídeos sugeridos,1
2026-02-08,Vídeos sugeridos,0
2026-02-09,Vídeos sugeridos,0
2026-02-10,Vídeos sugeridos,1
2026-02-11,Vídeos sugeridos,0
2026-02-12,Vídeos sugeridos,0
2026-02-13,Vídeos sugeridos,0
2026-02-14,Vídeos sugeridos,0
2026-02-15,Vídeos sugeridos,0
2026-02-16,Vídeos sugeridos,0
2026-02-17,Vídeos sugeridos,0
2026-02-18,Vídeos sugeridos,0
2026-02-19,Vídeos sugeridos,0
2026-02-20,Vídeos sugeridos,0
2026-02-21,Vídeos sugeridos,0
2026-02-22,Vídeos sugeridos,0
2026-02-23,Vídeos sugeridos,0
2026-02-24,Vídeos sugeridos,0
2026-02-25,Vídeos sugeridos,0
2026-02-26,Vídeos sugeridos,0
2026-02-27,Vídeos sugeridos,0
2026-02-28,Vídeos sugeridos,0
2026-03-01,Vídeos sugeridos,0
2026-03-02,Vídeos sugeridos,0
2026-03-03,Vídeos sugeridos,0
2026-03-04,Vídeos sugeridos,0
2026-03-05,Vídeos sugeridos,0
2026-03-06,Vídeos sugeridos,0
2026-03-07,Vídeos sugeridos,0
2026-03-08,Vídeos sugeridos,0
2026-03-09,Vídeos sugeridos,0
2026-03-10,Vídeos sugeridos,0
2026-03-11,Vídeos sugeridos,0
2026-03-12,Vídeos sugeridos,0
2026-03-13,Vídeos sugeridos,0
2026-03-14,Vídeos sugeridos,0
2026-03-15,Vídeos sugeridos,0
2026-03-16,Vídeos sugeridos,0
2026-03-17,Vídeos sugeridos,0
2026-03-18,Vídeos sugeridos,0
2026-03-19,Vídeos sugeridos,0
2026-03-20,Vídeos sugeridos,0
2026-03-21,Vídeos sugeridos,0
2026-03-22,Vídeos sugeridos,0
2026-03-23,Vídeos sugeridos,0
2026-03-24,Vídeos sugeridos,0
2026-03-25,Vídeos sugeridos,0
2026-03-26,Vídeos sugeridos,0
2026-03-27,Vídeos sugeridos,0
2026-03-28,Vídeos sugeridos,0
2026-03-29,Vídeos sugeridos,0
2026-03-30,Vídeos sugeridos,0
2026-03-31,Vídeos sugeridos,0
2026-04-01,Vídeos sugeridos,0
2026-04-02,Vídeos sugeridos,0
2026-04-03,Vídeos sugeridos,0
2026-04-04,Vídeos sugeridos,0
2026-04-05,Vídeos sugeridos,0
2026-04-06,Vídeos sugeridos,0
2026-04-07,Vídeos sugeridos,0
2026-04-08,Vídeos sugeridos,0
2026-04-09,Vídeos sugeridos,0
2026-04-10,Vídeos sugeridos,0
2026-04-11,Vídeos sugeridos,0
2026-04-12,Vídeos sugeridos,0
2026-04-13,Vídeos sugeridos,0
2026-04-14,Vídeos sugeridos,0
2026-04-15,Vídeos sugeridos,0
2026-04-16,Vídeos sugeridos,0
2026-04-17,Vídeos sugeridos,0
2026-04-18,Vídeos sugeridos,0
2026-04-19,Vídeos sugeridos,0
2026-04-20,Vídeos sugeridos,0
2026-04-21,Vídeos sugeridos,0
2026-04-22,Vídeos sugeridos,0
2026-04-23,Vídeos sugeridos,0
2026-04-24,Vídeos sugeridos,0
2026-04-25,Vídeos sugeridos,0
2026-04-26,Vídeos sugeridos,0
2026-04-27,Vídeos sugeridos,0
2026-04-28,Vídeos sugeridos,0
2026-04-29,Vídeos sugeridos,0
2026-04-30,Vídeos sugeridos,0
2025-07-14,Otras funciones de YouTube,0
2025-07-15,Otras funciones de YouTube,0
2025-07-16,Otras funciones de YouTube,0
2025-07-17,Otras funciones de YouTube,0
2025-07-18,Otras funciones de YouTube,0
2025-07-19,Otras funciones de YouTube,0
2025-07-20,Otras funciones de YouTube,0
2025-07-21,Otras funciones de YouTube,0
2025-07-22,Otras funciones de YouTube,0
2025-07-23,Otras funciones de YouTube,0
2025-07-24,Otras funciones de YouTube,0
2025-07-25,Otras funciones de YouTube,0
2025-07-26,Otras funciones de YouTube,0
2025-07-27,Otras funciones de YouTube,0
2025-07-28,Otras funciones de YouTube,0
2025-07-29,Otras funciones de YouTube,0
2025-07-30,Otras funciones de YouTube,0
2025-07-31,Otras funciones de YouTube,0
2025-08-01,Otras funciones de YouTube,0
2025-08-02,Otras funciones de YouTube,0
2025-08-03,Otras funciones de YouTube,0
2025-08-04,Otras funciones de YouTube,0
2025-08-05,Otras funciones de YouTube,0
2025-08-06,Otras funciones de YouTube,0
2025-08-07,Otras funciones de YouTube,0
2025-08-08,Otras funciones de YouTube,0
2025-08-09,Otras funciones de YouTube,0
2025-08-10,Otras funciones de YouTube,0
2025-08-11,Otras funciones de YouTube,0
2025-08-12,Otras funciones de YouTube,0
2025-08-13,Otras funciones de YouTube,0
2025-08-14,Otras funciones de YouTube,0
2025-08-15,Otras funciones de YouTube,0
2025-08-16,Otras funciones de YouTube,0
2025-08-17,Otras funciones de YouTube,0
2025-08-18,Otras funciones de YouTube,0
2025-08-19,Otras funciones de YouTube,0
2025-08-20,Otras funciones de YouTube,0
2025-08-21,Otras funciones de YouTube,0
2025-08-22,Otras funciones de YouTube,0
2025-08-23,Otras funciones de YouTube,0
2025-08-24,Otras funciones de YouTube,0
2025-08-25,Otras funciones de YouTube,0
2025-08-26,Otras funciones de YouTube,0
2025-08-27,Otras funciones de YouTube,0
2025-08-28,Otras funciones de YouTube,0
2025-08-29,Otras funciones de YouTube,0
2025-08-30,Otras funciones de YouTube,0
2025-08-31,Otras funciones de YouTube,0
2025-09-01,Otras funciones de YouTube,0
2025-09-02,Otras funciones de YouTube,0
2025-09-03,Otras funciones de YouTube,0
2025-09-04,Otras funciones de YouTube,9
2025-09-05,Otras funciones de YouTube,0
2025-09-06,Otras funciones de YouTube,0
2025-09-07,Otras funciones de YouTube,0
2025-09-08,Otras funciones de YouTube,0
2025-09-09,Otras funciones de YouTube,0
2025-09-10,Otras funciones de YouTube,0
2025-09-11,Otras funciones de YouTube,0
2025-09-12,Otras funciones de YouTube,0
2025-09-13,Otras funciones de YouTube,0
2025-09-14,Otras funciones de YouTube,0
2025-09-15,Otras funciones de YouTube,0
2025-09-16,Otras funciones de YouTube,0
2025-09-17,Otras funciones de YouTube,0
2025-09-18,Otras funciones de YouTube,0
2025-09-19,Otras funciones de YouTube,0
2025-09-20,Otras funciones de YouTube,0
2025-09-21,Otras funciones de YouTube,0
2025-09-22,Otras funciones de YouTube,0
2025-09-23,Otras funciones de YouTube,0
2025-09-24,Otras funciones de YouTube,0
2025-09-25,Otras funciones de YouTube,0
2025-09-26,Otras funciones de YouTube,0
2025-09-27,Otras funciones de YouTube,0
2025-09-28,Otras funciones de YouTube,0
2025-09-29,Otras funciones de YouTube,0
2025-09-30,Otras funciones de YouTube,0
2025-10-01,Otras funciones de YouTube,0
2025-10-02,Otras funciones de YouTube,0
2025-10-03,Otras funciones de YouTube,0
2025-10-04,Otras funciones de YouTube,0
2025-10-05,Otras funciones de YouTube,0
2025-10-06,Otras funciones de YouTube,0
2025-10-07,Otras funciones de YouTube,0
2025-10-08,Otras funciones de YouTube,0
2025-10-09,Otras funciones de YouTube,0
2025-10-10,Otras funciones de YouTube,0
2025-10-11,Otras funciones de YouTube,0
2025-10-12,Otras funciones de YouTube,0
2025-10-13,Otras funciones de YouTube,0
2025-10-14,Otras funciones de YouTube,0
2025-10-15,Otras funciones de YouTube,0
2025-10-16,Otras funciones de YouTube,0
2025-10-17,Otras funciones de YouTube,0
2025-10-18,Otras funciones de YouTube,0
2025-10-19,Otras funciones de YouTube,0
2025-10-20,Otras funciones de YouTube,0
2025-10-21,Otras funciones de YouTube,0
2025-10-22,Otras funciones de YouTube,0
2025-10-23,Otras funciones de YouTube,0
2025-10-24,Otras funciones de YouTube,0
2025-10-25,Otras funciones de YouTube,0
2025-10-26,Otras funciones de YouTube,0
2025-10-27,Otras funciones de YouTube,0
2025-10-28,Otras funciones de YouTube,0
2025-10-29,Otras funciones de YouTube,0
2025-10-30,Otras funciones de YouTube,0
2025-10-31,Otras funciones de YouTube,0
2025-11-01,Otras funciones de YouTube,0
2025-11-02,Otras funciones de YouTube,0
2025-11-03,Otras funciones de YouTube,0
2025-11-04,Otras funciones de YouTube,0
2025-11-05,Otras funciones de YouTube,0
2025-11-06,Otras funciones de YouTube,0
2025-11-07,Otras funciones de YouTube,0
2025-11-08,Otras funciones de YouTube,0
2025-11-09,Otras funciones de YouTube,0
2025-11-10,Otras funciones de YouTube,5
2025-11-11,Otras funciones de YouTube,0
2025-11-12,Otras funciones de YouTube,0
2025-11-13,Otras funciones de YouTube,0
2025-11-14,Otras funciones de YouTube,0
2025-11-15,Otras funciones de YouTube,0
2025-11-16,Otras funciones de YouTube,0
2025-11-17,Otras funciones de YouTube,0
2025-11-18,Otras funciones de YouTube,0
2025-11-19,Otras funciones de YouTube,0
2025-11-20,Otras funciones de YouTube,2
2025-11-21,Otras funciones de YouTube,0
2025-11-22,Otras funciones de YouTube,0
2025-11-23,Otras funciones de YouTube,0
2025-11-24,Otras funciones de YouTube,0
2025-11-25,Otras funciones de YouTube,0
2025-11-26,Otras funciones de YouTube,0
2025-11-27,Otras funciones de YouTube,0
2025-11-28,Otras funciones de YouTube,0
2025-11-29,Otras funciones de YouTube,0
2025-11-30,Otras funciones de YouTube,0
2025-12-01,Otras funciones de YouTube,0
2025-12-02,Otras funciones de YouTube,0
2025-12-03,Otras funciones de YouTube,0
2025-12-04,Otras funciones de YouTube,0
2025-12-05,Otras funciones de YouTube,2
2025-12-06,Otras funciones de YouTube,0
2025-12-07,Otras funciones de YouTube,0
2025-12-08,Otras funciones de YouTube,4
2025-12-09,Otras funciones de YouTube,0
2025-12-10,Otras funciones de YouTube,0
2025-12-11,Otras funciones de YouTube,0
2025-12-12,Otras funciones de YouTube,0
2025-12-13,Otras funciones de YouTube,0
2025-12-14,Otras funciones de YouTube,0
2025-12-15,Otras funciones de YouTube,0
2025-12-16,Otras funciones de YouTube,0
2025-12-17,Otras funciones de YouTube,0
2025-12-18,Otras funciones de YouTube,0
2025-12-19,Otras funciones de YouTube,0
2025-12-20,Otras funciones de YouTube,0
2025-12-21,Otras funciones de YouTube,0
2025-12-22,Otras funciones de YouTube,0
2025-12-23,Otras funciones de YouTube,0
2025-12-24,Otras funciones de YouTube,0
2025-12-25,Otras funciones de YouTube,0
2025-12-26,Otras funciones de YouTube,0
2025-12-27,Otras funciones de YouTube,0
2025-12-28,Otras funciones de YouTube,0
2025-12-29,Otras funciones de YouTube,0
2025-12-30,Otras funciones de YouTube,0
2025-12-31,Otras funciones de YouTube,0
2026-01-01,Otras funciones de YouTube,0
2026-01-02,Otras funciones de YouTube,0
2026-01-03,Otras funciones de YouTube,0
2026-01-04,Otras funciones de YouTube,0
2026-01-05,Otras funciones de YouTube,0
2026-01-06,Otras funciones de YouTube,0
2026-01-07,Otras funciones de YouTube,0
2026-01-08,Otras funciones de YouTube,0
2026-01-09,Otras funciones de YouTube,0
2026-01-10,Otras funciones de YouTube,1
2026-01-11,Otras funciones de YouTube,2
2026-01-12,Otras funciones de YouTube,0
2026-01-13,Otras funciones de YouTube,0
2026-01-14,Otras funciones de YouTube,0
2026-01-15,Otras funciones de YouTube,0
2026-01-16,Otras funciones de YouTube,0
2026-01-17,Otras funciones de YouTube,0
2026-01-18,Otras funciones de YouTube,0
2026-01-19,Otras funciones de YouTube,0
2026-01-20,Otras funciones de YouTube,0
2026-01-21,Otras funciones de YouTube,0
2026-01-22,Otras funciones de YouTube,0
2026-01-23,Otras funciones de YouTube,0
2026-01-24,Otras funciones de YouTube,0
2026-01-25,Otras funciones de YouTube,0
2026-01-26,Otras funciones de YouTube,0
2026-01-27,Otras funciones de YouTube,0
2026-01-28,Otras funciones de YouTube,0
2026-01-29,Otras funciones de YouTube,0
2026-01-30,Otras funciones de YouTube,0
2026-01-31,Otras funciones de YouTube,0
2026-02-01,Otras funciones de YouTube,0
2026-02-02,Otras funciones de YouTube,0
2026-02-03,Otras funciones de YouTube,0
2026-02-04,Otras funciones de YouTube,0
2026-02-05,Otras funciones de YouTube,0
2026-02-06,Otras funciones de YouTube,0
2026-02-07,Otras funciones de YouTube,0
2026-02-08,Otras funciones de YouTube,0
2026-02-09,Otras funciones de YouTube,0
2026-02-10,Otras funciones de YouTube,0
2026-02-11,Otras funciones de YouTube,0
2026-02-12,Otras funciones de YouTube,0
2026-02-13,Otras funciones de YouTube,0
2026-02-14,Otras funciones de YouTube,0
2026-02-15,Otras funciones de YouTube,0
2026-02-16,Otras funciones de YouTube,0
2026-02-17,Otras funciones de YouTube,0
2026-02-18,Otras funciones de YouTube,0
2026-02-19,Otras funciones de YouTube,0
2026-02-20,Otras funciones de YouTube,0
2026-02-21,Otras funciones de YouTube,0
2026-02-22,Otras funciones de YouTube,0
2026-02-23,Otras funciones de YouTube,0
2026-02-24,Otras funciones de YouTube,0
2026-02-25,Otras funciones de YouTube,0
2026-02-26,Otras funciones de YouTube,0
2026-02-27,Otras funciones de YouTube,0
2026-02-28,Otras funciones de YouTube,0
2026-03-01,Otras funciones de YouTube,0
2026-03-02,Otras funciones de YouTube,0
2026-03-03,Otras funciones de YouTube,0
2026-03-04,Otras funciones de YouTube,0
2026-03-05,Otras funciones de YouTube,0
2026-03-06,Otras funciones de YouTube,2
2026-03-07,Otras funciones de YouTube,0
2026-03-08,Otras funciones de YouTube,0
2026-03-09,Otras funciones de YouTube,0
2026-03-10,Otras funciones de YouTube,0
2026-03-11,Otras funciones de YouTube,0
2026-03-12,Otras funciones de YouTube,3
2026-03-13,Otras funciones de YouTube,0
2026-03-14,Otras funciones de YouTube,3
2026-03-15,Otras funciones de YouTube,0
2026-03-16,Otras funciones de YouTube,2
2026-03-17,Otras funciones de YouTube,0
2026-03-18,Otras funciones de YouTube,0
2026-03-19,Otras funciones de YouTube,0
2026-03-20,Otras funciones de YouTube,0
2026-03-21,Otras funciones de YouTube,0
2026-03-22,Otras funciones de YouTube,0
2026-03-23,Otras funciones de YouTube,1
2026-03-24,Otras funciones de YouTube,0
2026-03-25,Otras funciones de YouTube,0
2026-03-26,Otras funciones de YouTube,0
2026-03-27,Otras funciones de YouTube,0
2026-03-28,Otras funciones de YouTube,0
2026-03-29,Otras funciones de YouTube,0
2026-03-30,Otras funciones de YouTube,0
2026-03-31,Otras funciones de YouTube,0
2026-04-01,Otras funciones de YouTube,1
2026-04-02,Otras funciones de YouTube,0
2026-04-03,Otras funciones de YouTube,0
2026-04-04,Otras funciones de YouTube,0
2026-04-05,Otras funciones de YouTube,0
2026-04-06,Otras funciones de YouTube,0
2026-04-07,Otras funciones de YouTube,0
2026-04-08,Otras funciones de YouTube,4
2026-04-09,Otras funciones de YouTube,0
2026-04-10,Otras funciones de YouTube,0
2026-04-11,Otras funciones de YouTube,0
2026-04-12,Otras funciones de YouTube,0
2026-04-13,Otras funciones de YouTube,0
2026-04-14,Otras funciones de YouTube,0
2026-04-15,Otras funciones de YouTube,0
2026-04-16,Otras funciones de YouTube,0
2026-04-17,Otras funciones de YouTube,0
2026-04-18,Otras funciones de YouTube,0
2026-04-19,Otras funciones de YouTube,0
2026-04-20,Otras funciones de YouTube,0
2026-04-21,Otras funciones de YouTube,0
2026-04-22,Otras funciones de YouTube,0
2026-04-23,Otras funciones de YouTube,0
2026-04-24,Otras funciones de YouTube,0
2026-04-25,Otras funciones de YouTube,0
2026-04-26,Otras funciones de YouTube,0
2026-04-27,Otras funciones de YouTube,0
2026-04-28,Otras funciones de YouTube,0
2026-04-29,Otras funciones de YouTube,0
2026-04-30,Otras funciones de YouTube,0
2025-07-14,Fuentes externas,0
2025-07-15,Fuentes externas,0
2025-07-16,Fuentes externas,0
2025-07-17,Fuentes externas,0
2025-07-18,Fuentes externas,0
2025-07-19,Fuentes externas,0
2025-07-20,Fuentes externas,0
2025-07-21,Fuentes externas,0
2025-07-22,Fuentes externas,0
2025-07-23,Fuentes externas,0
2025-07-24,Fuentes externas,0
2025-07-25,Fuentes externas,0
2025-07-26,Fuentes externas,0
2025-07-27,Fuentes externas,0
2025-07-28,Fuentes externas,0
2025-07-29,Fuentes externas,0
2025-07-30,Fuentes externas,0
2025-07-31,Fuentes externas,0
2025-08-01,Fuentes externas,0
2025-08-02,Fuentes externas,0
2025-08-03,Fuentes externas,0
2025-08-04,Fuentes externas,0
2025-08-05,Fuentes externas,0
2025-08-06,Fuentes externas,0
2025-08-07,Fuentes externas,0
2025-08-08,Fuentes externas,0
2025-08-09,Fuentes externas,0
2025-08-10,Fuentes externas,0
2025-08-11,Fuentes externas,0
2025-08-12,Fuentes externas,0
2025-08-13,Fuentes externas,0
2025-08-14,Fuentes externas,0
2025-08-15,Fuentes externas,0
2025-08-16,Fuentes externas,0
2025-08-17,Fuentes externas,0
2025-08-18,Fuentes externas,0
2025-08-19,Fuentes externas,0
2025-08-20,Fuentes externas,0
2025-08-21,Fuentes externas,0
2025-08-22,Fuentes externas,0
2025-08-23,Fuentes externas,0
2025-08-24,Fuentes externas,0
2025-08-25,Fuentes externas,0
2025-08-26,Fuentes externas,0
2025-08-27,Fuentes externas,0
2025-08-28,Fuentes externas,0
2025-08-29,Fuentes externas,0
2025-08-30,Fuentes externas,0
2025-08-31,Fuentes externas,0
2025-09-01,Fuentes externas,0
2025-09-02,Fuentes externas,0
2025-09-03,Fuentes externas,0
2025-09-04,Fuentes externas,1
2025-09-05,Fuentes externas,0
2025-09-06,Fuentes externas,0
2025-09-07,Fuentes externas,0
2025-09-08,Fuentes externas,0
2025-09-09,Fuentes externas,0
2025-09-10,Fuentes externas,0
2025-09-11,Fuentes externas,0
2025-09-12,Fuentes externas,0
2025-09-13,Fuentes externas,0
2025-09-14,Fuentes externas,0
2025-09-15,Fuentes externas,0
2025-09-16,Fuentes externas,0
2025-09-17,Fuentes externas,0
2025-09-18,Fuentes externas,0
2025-09-19,Fuentes externas,0
2025-09-20,Fuentes externas,0
2025-09-21,Fuentes externas,0
2025-09-22,Fuentes externas,0
2025-09-23,Fuentes externas,0
2025-09-24,Fuentes externas,0
2025-09-25,Fuentes externas,0
2025-09-26,Fuentes externas,0
2025-09-27,Fuentes externas,0
2025-09-28,Fuentes externas,0
2025-09-29,Fuentes externas,0
2025-09-30,Fuentes externas,0
2025-10-01,Fuentes externas,0
2025-10-02,Fuentes externas,0
2025-10-03,Fuentes externas,0
2025-10-04,Fuentes externas,0
2025-10-05,Fuentes externas,0
2025-10-06,Fuentes externas,0
2025-10-07,Fuentes externas,0
2025-10-08,Fuentes externas,0
2025-10-09,Fuentes externas,0
2025-10-10,Fuentes externas,0
2025-10-11,Fuentes externas,0
2025-10-12,Fuentes externas,0
2025-10-13,Fuentes externas,0
2025-10-14,Fuentes externas,0
2025-10-15,Fuentes externas,0
2025-10-16,Fuentes externas,0
2025-10-17,Fuentes externas,0
2025-10-18,Fuentes externas,0
2025-10-19,Fuentes externas,0
2025-10-20,Fuentes externas,0
2025-10-21,Fuentes externas,0
2025-10-22,Fuentes externas,0
2025-10-23,Fuentes externas,0
2025-10-24,Fuentes externas,0
2025-10-25,Fuentes externas,0
2025-10-26,Fuentes externas,0
2025-10-27,Fuentes externas,0
2025-10-28,Fuentes externas,0
2025-10-29,Fuentes externas,0
2025-10-30,Fuentes externas,0
2025-10-31,Fuentes externas,0
2025-11-01,Fuentes externas,0
2025-11-02,Fuentes externas,0
2025-11-03,Fuentes externas,0
2025-11-04,Fuentes externas,0
2025-11-05,Fuentes externas,0
2025-11-06,Fuentes externas,0
2025-11-07,Fuentes externas,0
2025-11-08,Fuentes externas,0
2025-11-09,Fuentes externas,0
2025-11-10,Fuentes externas,0
2025-11-11,Fuentes externas,0
2025-11-12,Fuentes externas,0
2025-11-13,Fuentes externas,0
2025-11-14,Fuentes externas,0
2025-11-15,Fuentes externas,0
2025-11-16,Fuentes externas,0
2025-11-17,Fuentes externas,0
2025-11-18,Fuentes externas,0
2025-11-19,Fuentes externas,0
2025-11-20,Fuentes externas,0
2025-11-21,Fuentes externas,0
2025-11-22,Fuentes externas,0
2025-11-23,Fuentes externas,0
2025-11-24,Fuentes externas,0
2025-11-25,Fuentes externas,0
2025-11-26,Fuentes externas,0
2025-11-27,Fuentes externas,0
2025-11-28,Fuentes externas,0
2025-11-29,Fuentes externas,0
2025-11-30,Fuentes externas,0
2025-12-01,Fuentes externas,0
2025-12-02,Fuentes externas,0
2025-12-03,Fuentes externas,0
2025-12-04,Fuentes externas,0
2025-12-05,Fuentes externas,0
2025-12-06,Fuentes externas,2
2025-12-07,Fuentes externas,0
2025-12-08,Fuentes externas,2
2025-12-09,Fuentes externas,0
2025-12-10,Fuentes externas,0
2025-12-11,Fuentes externas,0
2025-12-12,Fuentes externas,0
2025-12-13,Fuentes externas,0
2025-12-14,Fuentes externas,0
2025-12-15,Fuentes externas,0
2025-12-16,Fuentes externas,0
2025-12-17,Fuentes externas,0
2025-12-18,Fuentes externas,0
2025-12-19,Fuentes externas,0
2025-12-20,Fuentes externas,0
2025-12-21,Fuentes externas,0
2025-12-22,Fuentes externas,0
2025-12-23,Fuentes externas,0
2025-12-24,Fuentes externas,0
2025-12-25,Fuentes externas,0
2025-12-26,Fuentes externas,0
2025-12-27,Fuentes externas,0
2025-12-28,Fuentes externas,0
2025-12-29,Fuentes externas,0
2025-12-30,Fuentes externas,0
2025-12-31,Fuentes externas,0
2026-01-01,Fuentes externas,0
2026-01-02,Fuentes externas,0
2026-01-03,Fuentes externas,0
2026-01-04,Fuentes externas,0
2026-01-05,Fuentes externas,0
2026-01-06,Fuentes externas,0
2026-01-07,Fuentes externas,0
2026-01-08,Fuentes externas,0
2026-01-09,Fuentes externas,0
2026-01-10,Fuentes externas,0
2026-01-11,Fuentes externas,0
2026-01-12,Fuentes externas,0
2026-01-13,Fuentes externas,0
2026-01-14,Fuentes externas,0
2026-01-15,Fuentes externas,0
2026-01-16,Fuentes externas,0
2026-01-17,Fuentes externas,0
2026-01-18,Fuentes externas,0
2026-01-19,Fuentes externas,0
2026-01-20,Fuentes externas,0
2026-01-21,Fuentes externas,0
2026-01-22,Fuentes externas,0
2026-01-23,Fuentes externas,0
2026-01-24,Fuentes externas,0
2026-01-25,Fuentes externas,0
2026-01-26,Fuentes externas,0
2026-01-27,Fuentes externas,0
2026-01-28,Fuentes externas,0
2026-01-29,Fuentes externas,0
2026-01-30,Fuentes externas,0
2026-01-31,Fuentes externas,0
2026-02-01,Fuentes externas,0
2026-02-02,Fuentes externas,0
2026-02-03,Fuentes externas,0
2026-02-04,Fuentes externas,0
2026-02-05,Fuentes externas,0
2026-02-06,Fuentes externas,0
2026-02-07,Fuentes externas,0
2026-02-08,Fuentes externas,0
2026-02-09,Fuentes externas,0
2026-02-10,Fuentes externas,0
2026-02-11,Fuentes externas,1
2026-02-12,Fuentes externas,0
2026-02-13,Fuentes externas,0
2026-02-14,Fuentes externas,0
2026-02-15,Fuentes externas,0
2026-02-16,Fuentes externas,0
2026-02-17,Fuentes externas,0
2026-02-18,Fuentes externas,0
2026-02-19,Fuentes externas,0
2026-02-20,Fuentes externas,0
2026-02-21,Fuentes externas,0
2026-02-22,Fuentes externas,0
2026-02-23,Fuentes externas,0
2026-02-24,Fuentes externas,0
2026-02-25,Fuentes externas,0
2026-02-26,Fuentes externas,0
2026-02-27,Fuentes externas,0
2026-02-28,Fuentes externas,0
2026-03-01,Fuentes externas,0
2026-03-02,Fuentes externas,0
2026-03-03,Fuentes externas,0
2026-03-04,Fuentes externas,0
2026-03-05,Fuentes externas,0
2026-03-06,Fuentes externas,0
2026-03-07,Fuentes externas,0
2026-03-08,Fuentes externas,0
2026-03-09,Fuentes externas,0
2026-03-10,Fuentes externas,0
2026-03-11,Fuentes externas,0
2026-03-12,Fuentes externas,0
2026-03-13,Fuentes externas,0
2026-03-14,Fuentes externas,0
2026-03-15,Fuentes externas,0
2026-03-16,Fuentes externas,0
2026-03-17,Fuentes externas,0
2026-03-18,Fuentes externas,0
2026-03-19,Fuentes externas,0
2026-03-20,Fuentes externas,0
2026-03-21,Fuentes externas,0
2026-03-22,Fuentes externas,0
2026-03-23,Fuentes externas,0
2026-03-24,Fuentes externas,0
2026-03-25,Fuentes externas,0
2026-03-26,Fuentes externas,0
2026-03-27,Fuentes externas,0
2026-03-28,Fuentes externas,0
2026-03-29,Fuentes externas,0
2026-03-30,Fuentes externas,0
2026-03-31,Fuentes externas,0
2026-04-01,Fuentes externas,0
2026-04-02,Fuentes externas,0
2026-04-03,Fuentes externas,0
2026-04-04,Fuentes externas,0
2026-04-05,Fuentes externas,0
2026-04-06,Fuentes externas,0
2026-04-07,Fuentes externas,0
2026-04-08,Fuentes externas,1
2026-04-09,Fuentes externas,0
2026-04-10,Fuentes externas,0
2026-04-11,Fuentes externas,0
2026-04-12,Fuentes externas,0
2026-04-13,Fuentes externas,0
2026-04-14,Fuentes externas,0
2026-04-15,Fuentes externas,0
2026-04-16,Fuentes externas,0
2026-04-17,Fuentes externas,0
2026-04-18,Fuentes externas,0
2026-04-19,Fuentes externas,0
2026-04-20,Fuentes externas,1
2026-04-21,Fuentes externas,4
2026-04-22,Fuentes externas,0
2026-04-23,Fuentes externas,0
2026-04-24,Fuentes externas,0
2026-04-25,Fuentes externas,0
2026-04-26,Fuentes externas,0
2026-04-27,Fuentes externas,0
2026-04-28,Fuentes externas,0
2026-04-29,Fuentes externas,0
2026-04-30,Fuentes externas,0
2025-07-14,Listas de reproducción,0
2025-07-15,Listas de reproducción,0
2025-07-16,Listas de reproducción,0
2025-07-17,Listas de reproducción,0
2025-07-18,Listas de reproducción,0
2025-07-19,Listas de reproducción,0
2025-07-20,Listas de reproducción,0
2025-07-21,Listas de reproducción,0
2025-07-22,Listas de reproducción,0
2025-07-23,Listas de reproducción,0
2025-07-24,Listas de reproducción,0
2025-07-25,Listas de reproducción,0
2025-07-26,Listas de reproducción,0
2025-07-27,Listas de reproducción,0
2025-07-28,Listas de reproducción,0
2025-07-29,Listas de reproducción,0
2025-07-30,Listas de reproducción,0
2025-07-31,Listas de reproducción,0
2025-08-01,Listas de reproducción,0
2025-08-02,Listas de reproducción,0
2025-08-03,Listas de reproducción,0
2025-08-04,Listas de reproducción,0
2025-08-05,Listas de reproducción,0
2025-08-06,Listas de reproducción,0
2025-08-07,Listas de reproducción,0
2025-08-08,Listas de reproducción,0
2025-08-09,Listas de reproducción,0
2025-08-10,Listas de reproducción,0
2025-08-11,Listas de reproducción,0
2025-08-12,Listas de reproducción,0
2025-08-13,Listas de reproducción,0
2025-08-14,Listas de reproducción,0
2025-08-15,Listas de reproducción,0
2025-08-16,Listas de reproducción,0
2025-08-17,Listas de reproducción,0
2025-08-18,Listas de reproducción,0
2025-08-19,Listas de reproducción,0
2025-08-20,Listas de reproducción,0
2025-08-21,Listas de reproducción,0
2025-08-22,Listas de reproducción,0
2025-08-23,Listas de reproducción,0
2025-08-24,Listas de reproducción,0
2025-08-25,Listas de reproducción,0
2025-08-26,Listas de reproducción,0
2025-08-27,Listas de reproducción,0
2025-08-28,Listas de reproducción,0
2025-08-29,Listas de reproducción,0
2025-08-30,Listas de reproducción,0
2025-08-31,Listas de reproducción,0
2025-09-01,Listas de reproducción,0
2025-09-02,Listas de reproducción,0
2025-09-03,Listas de reproducción,0
2025-09-04,Listas de reproducción,0
2025-09-05,Listas de reproducción,0
2025-09-06,Listas de reproducción,0
2025-09-07,Listas de reproducción,0
2025-09-08,Listas de reproducción,0
2025-09-09,Listas de reproducción,0
2025-09-10,Listas de reproducción,0
2025-09-11,Listas de reproducción,0
2025-09-12,Listas de reproducción,0
2025-09-13,Listas de reproducción,0
2025-09-14,Listas de reproducción,0
2025-09-15,Listas de reproducción,0
2025-09-16,Listas de reproducción,0
2025-09-17,Listas de reproducción,0
2025-09-18,Listas de reproducción,0
2025-09-19,Listas de reproducción,0
2025-09-20,Listas de reproducción,0
2025-09-21,Listas de reproducción,0
2025-09-22,Listas de reproducción,0
2025-09-23,Listas de reproducción,0
2025-09-24,Listas de reproducción,0
2025-09-25,Listas de reproducción,0
2025-09-26,Listas de reproducción,0
2025-09-27,Listas de reproducción,0
2025-09-28,Listas de reproducción,0
2025-09-29,Listas de reproducción,0
2025-09-30,Listas de reproducción,0
2025-10-01,Listas de reproducción,0
2025-10-02,Listas de reproducción,0
2025-10-03,Listas de reproducción,0
2025-10-04,Listas de reproducción,0
2025-10-05,Listas de reproducción,0
2025-10-06,Listas de reproducción,0
2025-10-07,Listas de reproducción,0
2025-10-08,Listas de reproducción,0
2025-10-09,Listas de reproducción,0
2025-10-10,Listas de reproducción,0
2025-10-11,Listas de reproducción,0
2025-10-12,Listas de reproducción,0
2025-10-13,Listas de reproducción,0
2025-10-14,Listas de reproducción,0
2025-10-15,Listas de reproducción,0
2025-10-16,Listas de reproducción,0
2025-10-17,Listas de reproducción,0
2025-10-18,Listas de reproducción,0
2025-10-19,Listas de reproducción,0
2025-10-20,Listas de reproducción,0
2025-10-21,Listas de reproducción,0
2025-10-22,Listas de reproducción,0
2025-10-23,Listas de reproducción,0
2025-10-24,Listas de reproducción,0
2025-10-25,Listas de reproducción,0
2025-10-26,Listas de reproducción,0
2025-10-27,Listas de reproducción,0
2025-10-28,Listas de reproducción,0
2025-10-29,Listas de reproducción,0
2025-10-30,Listas de reproducción,0
2025-10-31,Listas de reproducción,0
2025-11-01,Listas de reproducción,0
2025-11-02,Listas de reproducción,0
2025-11-03,Listas de reproducción,0
2025-11-04,Listas de reproducción,0
2025-11-05,Listas de reproducción,0
2025-11-06,Listas de reproducción,0
2025-11-07,Listas de reproducción,0
2025-11-08,Listas de reproducción,0
2025-11-09,Listas de reproducción,0
2025-11-10,Listas de reproducción,0
2025-11-11,Listas de reproducción,0
2025-11-12,Listas de reproducción,0
2025-11-13,Listas de reproducción,0
2025-11-14,Listas de reproducción,0
2025-11-15,Listas de reproducción,0
2025-11-16,Listas de reproducción,0
2025-11-17,Listas de reproducción,0
2025-11-18,Listas de reproducción,0
2025-11-19,Listas de reproducción,0
2025-11-20,Listas de reproducción,0
2025-11-21,Listas de reproducción,0
2025-11-22,Listas de reproducción,0
2025-11-23,Listas de reproducción,0
2025-11-24,Listas de reproducción,0
2025-11-25,Listas de reproducción,0
2025-11-26,Listas de reproducción,0
2025-11-27,Listas de reproducción,0
2025-11-28,Listas de reproducción,0
2025-11-29,Listas de reproducción,0
2025-11-30,Listas de reproducción,0
2025-12-01,Listas de reproducción,0
2025-12-02,Listas de reproducción,0
2025-12-03,Listas de reproducción,0
2025-12-04,Listas de reproducción,0
2025-12-05,Listas de reproducción,0
2025-12-06,Listas de reproducción,0
2025-12-07,Listas de reproducción,0
2025-12-08,Listas de reproducción,0
2025-12-09,Listas de reproducción,0
2025-12-10,Listas de reproducción,1
2025-12-11,Listas de reproducción,0
2025-12-12,Listas de reproducción,0
2025-12-13,Listas de reproducción,0
2025-12-14,Listas de reproducción,0
2025-12-15,Listas de reproducción,0
2025-12-16,Listas de reproducción,0
2025-12-17,Listas de reproducción,0
2025-12-18,Listas de reproducción,0
2025-12-19,Listas de reproducción,0
2025-12-20,Listas de reproducción,0
2025-12-21,Listas de reproducción,0
2025-12-22,Listas de reproducción,0
2025-12-23,Listas de reproducción,0
2025-12-24,Listas de reproducción,0
2025-12-25,Listas de reproducción,1
2025-12-26,Listas de reproducción,1
2025-12-27,Listas de reproducción,0
2025-12-28,Listas de reproducción,0
2025-12-29,Listas de reproducción,0
2025-12-30,Listas de reproducción,0
2025-12-31,Listas de reproducción,0
2026-01-01,Listas de reproducción,0
2026-01-02,Listas de reproducción,0
2026-01-03,Listas de reproducción,0
2026-01-04,Listas de reproducción,0
2026-01-05,Listas de reproducción,0
2026-01-06,Listas de reproducción,0
2026-01-07,Listas de reproducción,0
2026-01-08,Listas de reproducción,0
2026-01-09,Listas de reproducción,1
2026-01-10,Listas de reproducción,0
2026-01-11,Listas de reproducción,0
2026-01-12,Listas de reproducción,0
2026-01-13,Listas de reproducción,0
2026-01-14,Listas de reproducción,0
2026-01-15,Listas de reproducción,0
2026-01-16,Listas de reproducción,0
2026-01-17,Listas de reproducción,0
2026-01-18,Listas de reproducción,0
2026-01-19,Listas de reproducción,0
2026-01-20,Listas de reproducción,0
2026-01-21,Listas de reproducción,0
2026-01-22,Listas de reproducción,0
2026-01-23,Listas de reproducción,0
2026-01-24,Listas de reproducción,0
2026-01-25,Listas de reproducción,0
2026-01-26,Listas de reproducción,0
2026-01-27,Listas de reproducción,0
2026-01-28,Listas de reproducción,0
2026-01-29,Listas de reproducción,0
2026-01-30,Listas de reproducción,0
2026-01-31,Listas de reproducción,0
2026-02-01,Listas de reproducción,0
2026-02-02,Listas de reproducción,0
2026-02-03,Listas de reproducción,0
2026-02-04,Listas de reproducción,0
2026-02-05,Listas de reproducción,0
2026-02-06,Listas de reproducción,0
2026-02-07,Listas de reproducción,0
2026-02-08,Listas de reproducción,0
2026-02-09,Listas de reproducción,0
2026-02-10,Listas de reproducción,0
2026-02-11,Listas de reproducción,0
2026-02-12,Listas de reproducción,0
2026-02-13,Listas de reproducción,0
2026-02-14,Listas de reproducción,0
2026-02-15,Listas de reproducción,0
2026-02-16,Listas de reproducción,0
2026-02-17,Listas de reproducción,0
2026-02-18,Listas de reproducción,0
2026-02-19,Listas de reproducción,0
2026-02-20,Listas de reproducción,0
2026-02-21,Listas de reproducción,0
2026-02-22,Listas de reproducción,0
2026-02-23,Listas de reproducción,1
2026-02-24,Listas de reproducción,0
2026-02-25,Listas de reproducción,0
2026-02-26,Listas de reproducción,0
2026-02-27,Listas de reproducción,0
2026-02-28,Listas de reproducción,0
2026-03-01,Listas de reproducción,0
2026-03-02,Listas de reproducción,0
2026-03-03,Listas de reproducción,0
2026-03-04,Listas de reproducción,0
2026-03-05,Listas de reproducción,0
2026-03-06,Listas de reproducción,0
2026-03-07,Listas de reproducción,0
2026-03-08,Listas de reproducción,0
2026-03-09,Listas de reproducción,0
2026-03-10,Listas de reproducción,0
2026-03-11,Listas de reproducción,0
2026-03-12,Listas de reproducción,0
2026-03-13,Listas de reproducción,0
2026-03-14,Listas de reproducción,0
2026-03-15,Listas de reproducción,0
2026-03-16,Listas de reproducción,0
2026-03-17,Listas de reproducción,0
2026-03-18,Listas de reproducción,0
2026-03-19,Listas de reproducción,0
2026-03-20,Listas de reproducción,0
2026-03-21,Listas de reproducción,0
2026-03-22,Listas de reproducción,0
2026-03-23,Listas de reproducción,0
2026-03-24,Listas de reproducción,0
2026-03-25,Listas de reproducción,0
2026-03-26,Listas de reproducción,0
2026-03-27,Listas de reproducción,0
2026-03-28,Listas de reproducción,0
2026-03-29,Listas de reproducción,0
2026-03-30,Listas de reproducción,0
2026-03-31,Listas de reproducción,0
2026-04-01,Listas de reproducción,0
2026-04-02,Listas de reproducción,0
2026-04-03,Listas de reproducción,0
2026-04-04,Listas de reproducción,0
2026-04-05,Listas de reproducción,0
2026-04-06,Listas de reproducción,0
2026-04-07,Listas de reproducción,0
2026-04-08,Listas de reproducción,0
2026-04-09,Listas de reproducción,0
2026-04-10,Listas de reproducción,0
2026-04-11,Listas de reproducción,0
2026-04-12,Listas de reproducción,0
2026-04-13,Listas de reproducción,0
2026-04-14,Listas de reproducción,0
2026-04-15,Listas de reproducción,0
2026-04-16,Listas de reproducción,0
2026-04-17,Listas de reproducción,0
2026-04-18,Listas de reproducción,0
2026-04-19,Listas de reproducción,0
2026-04-20,Listas de reproducción,0
2026-04-21,Listas de reproducción,0
2026-04-22,Listas de reproducción,0
2026-04-23,Listas de reproducción,0
2026-04-24,Listas de reproducción,0
2026-04-25,Listas de reproducción,0
2026-04-26,Listas de reproducción,0
2026-04-27,Listas de reproducción,0
2026-04-28,Listas de reproducción,0
2026-04-29,Listas de reproducción,0
2026-04-30,Listas de reproducción,0
2025-07-14,Feed de Shorts,0
2025-07-15,Feed de Shorts,0
2025-07-16,Feed de Shorts,0
2025-07-17,Feed de Shorts,0
2025-07-18,Feed de Shorts,0
2025-07-19,Feed de Shorts,0
2025-07-20,Feed de Shorts,0
2025-07-21,Feed de Shorts,0
2025-07-22,Feed de Shorts,0
2025-07-23,Feed de Shorts,0
2025-07-24,Feed de Shorts,0
2025-07-25,Feed de Shorts,0
2025-07-26,Feed de Shorts,0
2025-07-27,Feed de Shorts,0
2025-07-28,Feed de Shorts,0
2025-07-29,Feed de Shorts,0
2025-07-30,Feed de Shorts,0
2025-07-31,Feed de Shorts,0
2025-08-01,Feed de Shorts,0
2025-08-02,Feed de Shorts,0
2025-08-03,Feed de Shorts,0
2025-08-04,Feed de Shorts,0
2025-08-05,Feed de Shorts,0
2025-08-06,Feed de Shorts,0
2025-08-07,Feed de Shorts,0
2025-08-08,Feed de Shorts,0
2025-08-09,Feed de Shorts,0
2025-08-10,Feed de Shorts,0
2025-08-11,Feed de Shorts,0
2025-08-12,Feed de Shorts,0
2025-08-13,Feed de Shorts,0
2025-08-14,Feed de Shorts,0
2025-08-15,Feed de Shorts,0
2025-08-16,Feed de Shorts,0
2025-08-17,Feed de Shorts,0
2025-08-18,Feed de Shorts,0
2025-08-19,Feed de Shorts,0
2025-08-20,Feed de Shorts,0
2025-08-21,Feed de Shorts,0
2025-08-22,Feed de Shorts,0
2025-08-23,Feed de Shorts,0
2025-08-24,Feed de Shorts,0
2025-08-25,Feed de Shorts,0
2025-08-26,Feed de Shorts,0
2025-08-27,Feed de Shorts,0
2025-08-28,Feed de Shorts,0
2025-08-29,Feed de Shorts,0
2025-08-30,Feed de Shorts,0
2025-08-31,Feed de Shorts,0
2025-09-01,Feed de Shorts,0
2025-09-02,Feed de Shorts,0
2025-09-03,Feed de Shorts,0
2025-09-04,Feed de Shorts,518
2025-09-05,Feed de Shorts,0
2025-09-06,Feed de Shorts,0
2025-09-07,Feed de Shorts,0
2025-09-08,Feed de Shorts,29
2025-09-09,Feed de Shorts,0
2025-09-10,Feed de Shorts,0
2025-09-11,Feed de Shorts,0
2025-09-12,Feed de Shorts,0
2025-09-13,Feed de Shorts,0
2025-09-14,Feed de Shorts,0
2025-09-15,Feed de Shorts,0
2025-09-16,Feed de Shorts,0
2025-09-17,Feed de Shorts,0
2025-09-18,Feed de Shorts,0
2025-09-19,Feed de Shorts,0
2025-09-20,Feed de Shorts,0
2025-09-21,Feed de Shorts,0
2025-09-22,Feed de Shorts,0
2025-09-23,Feed de Shorts,0
2025-09-24,Feed de Shorts,0
2025-09-25,Feed de Shorts,0
2025-09-26,Feed de Shorts,0
2025-09-27,Feed de Shorts,0
2025-09-28,Feed de Shorts,0
2025-09-29,Feed de Shorts,0
2025-09-30,Feed de Shorts,0
2025-10-01,Feed de Shorts,0
2025-10-02,Feed de Shorts,0
2025-10-03,Feed de Shorts,0
2025-10-04,Feed de Shorts,0
2025-10-05,Feed de Shorts,0
2025-10-06,Feed de Shorts,0
2025-10-07,Feed de Shorts,0
2025-10-08,Feed de Shorts,0
2025-10-09,Feed de Shorts,0
2025-10-10,Feed de Shorts,0
2025-10-11,Feed de Shorts,0
2025-10-12,Feed de Shorts,0
2025-10-13,Feed de Shorts,0
2025-10-14,Feed de Shorts,0
2025-10-15,Feed de Shorts,0
2025-10-16,Feed de Shorts,0
2025-10-17,Feed de Shorts,0
2025-10-18,Feed de Shorts,0
2025-10-19,Feed de Shorts,0
2025-10-20,Feed de Shorts,0
2025-10-21,Feed de Shorts,0
2025-10-22,Feed de Shorts,0
2025-10-23,Feed de Shorts,0
2025-10-24,Feed de Shorts,0
2025-10-25,Feed de Shorts,0
2025-10-26,Feed de Shorts,0
2025-10-27,Feed de Shorts,0
2025-10-28,Feed de Shorts,0
2025-10-29,Feed de Shorts,0
2025-10-30,Feed de Shorts,0
2025-10-31,Feed de Shorts,0
2025-11-01,Feed de Shorts,0
2025-11-02,Feed de Shorts,0
2025-11-03,Feed de Shorts,0
2025-11-04,Feed de Shorts,0
2025-11-05,Feed de Shorts,0
2025-11-06,Feed de Shorts,0
2025-11-07,Feed de Shorts,0
2025-11-08,Feed de Shorts,0
2025-11-09,Feed de Shorts,0
2025-11-10,Feed de Shorts,514
2025-11-11,Feed de Shorts,1
2025-11-12,Feed de Shorts,0
2025-11-13,Feed de Shorts,2
2025-11-14,Feed de Shorts,0
2025-11-15,Feed de Shorts,0
2025-11-16,Feed de Shorts,0
2025-11-17,Feed de Shorts,0
2025-11-18,Feed de Shorts,0
2025-11-19,Feed de Shorts,0
2025-11-20,Feed de Shorts,500
2025-11-21,Feed de Shorts,26
2025-11-22,Feed de Shorts,46
2025-11-23,Feed de Shorts,4
2025-11-24,Feed de Shorts,0
2025-11-25,Feed de Shorts,0
2025-11-26,Feed de Shorts,1
2025-11-27,Feed de Shorts,0
2025-11-28,Feed de Shorts,0
2025-11-29,Feed de Shorts,0
2025-11-30,Feed de Shorts,0
2025-12-01,Feed de Shorts,0
2025-12-02,Feed de Shorts,0
2025-12-03,Feed de Shorts,0
2025-12-04,Feed de Shorts,0
2025-12-05,Feed de Shorts,489
2025-12-06,Feed de Shorts,47
2025-12-07,Feed de Shorts,8
2025-12-08,Feed de Shorts,247
2025-12-09,Feed de Shorts,317
2025-12-10,Feed de Shorts,25
2025-12-11,Feed de Shorts,3
2025-12-12,Feed de Shorts,0
2025-12-13,Feed de Shorts,0
2025-12-14,Feed de Shorts,0
2025-12-15,Feed de Shorts,0
2025-12-16,Feed de Shorts,0
2025-12-17,Feed de Shorts,0
2025-12-18,Feed de Shorts,1
2025-12-19,Feed de Shorts,0
2025-12-20,Feed de Shorts,0
2025-12-21,Feed de Shorts,0
2025-12-22,Feed de Shorts,0
2025-12-23,Feed de Shorts,0
2025-12-24,Feed de Shorts,0
2025-12-25,Feed de Shorts,0
2025-12-26,Feed de Shorts,0
2025-12-27,Feed de Shorts,0
2025-12-28,Feed de Shorts,0
2025-12-29,Feed de Shorts,0
2025-12-30,Feed de Shorts,0
2025-12-31,Feed de Shorts,0
2026-01-01,Feed de Shorts,0
2026-01-02,Feed de Shorts,0
2026-01-03,Feed de Shorts,0
2026-01-04,Feed de Shorts,0
2026-01-05,Feed de Shorts,0
2026-01-06,Feed de Shorts,0
2026-01-07,Feed de Shorts,0
2026-01-08,Feed de Shorts,0
2026-01-09,Feed de Shorts,154
2026-01-10,Feed de Shorts,280
2026-01-11,Feed de Shorts,53
2026-01-12,Feed de Shorts,30
2026-01-13,Feed de Shorts,0
2026-01-14,Feed de Shorts,0
2026-01-15,Feed de Shorts,0
2026-01-16,Feed de Shorts,0
2026-01-17,Feed de Shorts,0
2026-01-18,Feed de Shorts,0
2026-01-19,Feed de Shorts,0
2026-01-20,Feed de Shorts,0
2026-01-21,Feed de Shorts,0
2026-01-22,Feed de Shorts,0
2026-01-23,Feed de Shorts,0
2026-01-24,Feed de Shorts,0
2026-01-25,Feed de Shorts,0
2026-01-26,Feed de Shorts,0
2026-01-27,Feed de Shorts,0
2026-01-28,Feed de Shorts,0
2026-01-29,Feed de Shorts,0
2026-01-30,Feed de Shorts,0
2026-01-31,Feed de Shorts,0
2026-02-01,Feed de Shorts,0
2026-02-02,Feed de Shorts,0
2026-02-03,Feed de Shorts,0
2026-02-04,Feed de Shorts,0
2026-02-05,Feed de Shorts,1
2026-02-06,Feed de Shorts,0
2026-02-07,Feed de Shorts,0
2026-02-08,Feed de Shorts,0
2026-02-09,Feed de Shorts,0
2026-02-10,Feed de Shorts,0
2026-02-11,Feed de Shorts,5
2026-02-12,Feed de Shorts,0
2026-02-13,Feed de Shorts,0
2026-02-14,Feed de Shorts,0
2026-02-15,Feed de Shorts,0
2026-02-16,Feed de Shorts,0
2026-02-17,Feed de Shorts,0
2026-02-18,Feed de Shorts,0
2026-02-19,Feed de Shorts,0
2026-02-20,Feed de Shorts,0
2026-02-21,Feed de Shorts,0
2026-02-22,Feed de Shorts,0
2026-02-23,Feed de Shorts,0
2026-02-24,Feed de Shorts,0
2026-02-25,Feed de Shorts,0
2026-02-26,Feed de Shorts,0
2026-02-27,Feed de Shorts,0
2026-02-28,Feed de Shorts,0
2026-03-01,Feed de Shorts,0
2026-03-02,Feed de Shorts,0
2026-03-03,Feed de Shorts,0
2026-03-04,Feed de Shorts,0
2026-03-05,Feed de Shorts,231
2026-03-06,Feed de Shorts,266
2026-03-07,Feed de Shorts,0
2026-03-08,Feed de Shorts,0
2026-03-09,Feed de Shorts,0
2026-03-10,Feed de Shorts,0
2026-03-11,Feed de Shorts,84
2026-03-12,Feed de Shorts,410
2026-03-13,Feed de Shorts,1
2026-03-14,Feed de Shorts,0
2026-03-15,Feed de Shorts,0
2026-03-16,Feed de Shorts,0
2026-03-17,Feed de Shorts,0
2026-03-18,Feed de Shorts,0
2026-03-19,Feed de Shorts,0
2026-03-20,Feed de Shorts,0
2026-03-21,Feed de Shorts,0
2026-03-22,Feed de Shorts,0
2026-03-23,Feed de Shorts,0
2026-03-24,Feed de Shorts,0
2026-03-25,Feed de Shorts,0
2026-03-26,Feed de Shorts,0
2026-03-27,Feed de Shorts,0
2026-03-28,Feed de Shorts,0
2026-03-29,Feed de Shorts,0
2026-03-30,Feed de Shorts,0
2026-03-31,Feed de Shorts,311
2026-04-01,Feed de Shorts,218
2026-04-02,Feed de Shorts,0
2026-04-03,Feed de Shorts,0
2026-04-04,Feed de Shorts,0
2026-04-05,Feed de Shorts,0
2026-04-06,Feed de Shorts,0
2026-04-07,Feed de Shorts,0
2026-04-08,Feed de Shorts,496
2026-04-09,Feed de Shorts,1
2026-04-10,Feed de Shorts,0
2026-04-11,Feed de Shorts,0
2026-04-12,Feed de Shorts,2
2026-04-13,Feed de Shorts,0
2026-04-14,Feed de Shorts,0
2026-04-15,Feed de Shorts,0
2026-04-16,Feed de Shorts,0
2026-04-17,Feed de Shorts,0
2026-04-18,Feed de Shorts,0
2026-04-19,Feed de Shorts,0
2026-04-20,Feed de Shorts,0
2026-04-21,Feed de Shorts,0
2026-04-22,Feed de Shorts,0
2026-04-23,Feed de Shorts,0
2026-04-24,Feed de Shorts,0
2026-04-25,Feed de Shorts,0
2026-04-26,Feed de Shorts,0
2026-04-27,Feed de Shorts,0
2026-04-28,Feed de Shorts,0
2026-04-29,Feed de Shorts,0
2026-04-30,Feed de Shorts,0
2025-07-14,Páginas de hashtags,0
2025-07-15,Páginas de hashtags,0
2025-07-16,Páginas de hashtags,0
2025-07-17,Páginas de hashtags,0
2025-07-18,Páginas de hashtags,0
2025-07-19,Páginas de hashtags,0
2025-07-20,Páginas de hashtags,0
2025-07-21,Páginas de hashtags,0
2025-07-22,Páginas de hashtags,0
2025-07-23,Páginas de hashtags,0
2025-07-24,Páginas de hashtags,0
2025-07-25,Páginas de hashtags,0
2025-07-26,Páginas de hashtags,0
2025-07-27,Páginas de hashtags,0
2025-07-28,Páginas de hashtags,0
2025-07-29,Páginas de hashtags,0
2025-07-30,Páginas de hashtags,0
2025-07-31,Páginas de hashtags,0
2025-08-01,Páginas de hashtags,0
2025-08-02,Páginas de hashtags,0
2025-08-03,Páginas de hashtags,0
2025-08-04,Páginas de hashtags,0
2025-08-05,Páginas de hashtags,0
2025-08-06,Páginas de hashtags,0
2025-08-07,Páginas de hashtags,0
2025-08-08,Páginas de hashtags,0
2025-08-09,Páginas de hashtags,0
2025-08-10,Páginas de hashtags,0
2025-08-11,Páginas de hashtags,0
2025-08-12,Páginas de hashtags,0
2025-08-13,Páginas de hashtags,0
2025-08-14,Páginas de hashtags,0
2025-08-15,Páginas de hashtags,0
2025-08-16,Páginas de hashtags,0
2025-08-17,Páginas de hashtags,0
2025-08-18,Páginas de hashtags,0
2025-08-19,Páginas de hashtags,0
2025-08-20,Páginas de hashtags,0
2025-08-21,Páginas de hashtags,0
2025-08-22,Páginas de hashtags,0
2025-08-23,Páginas de hashtags,0
2025-08-24,Páginas de hashtags,0
2025-08-25,Páginas de hashtags,0
2025-08-26,Páginas de hashtags,0
2025-08-27,Páginas de hashtags,0
2025-08-28,Páginas de hashtags,0
2025-08-29,Páginas de hashtags,0
2025-08-30,Páginas de hashtags,0
2025-08-31,Páginas de hashtags,0
2025-09-01,Páginas de hashtags,0
2025-09-02,Páginas de hashtags,0
2025-09-03,Páginas de hashtags,0
2025-09-04,Páginas de hashtags,0
2025-09-05,Páginas de hashtags,0
2025-09-06,Páginas de hashtags,0
2025-09-07,Páginas de hashtags,0
2025-09-08,Páginas de hashtags,0
2025-09-09,Páginas de hashtags,0
2025-09-10,Páginas de hashtags,0
2025-09-11,Páginas de hashtags,0
2025-09-12,Páginas de hashtags,0
2025-09-13,Páginas de hashtags,0
2025-09-14,Páginas de hashtags,0
2025-09-15,Páginas de hashtags,0
2025-09-16,Páginas de hashtags,0
2025-09-17,Páginas de hashtags,0
2025-09-18,Páginas de hashtags,0
2025-09-19,Páginas de hashtags,0
2025-09-20,Páginas de hashtags,0
2025-09-21,Páginas de hashtags,0
2025-09-22,Páginas de hashtags,0
2025-09-23,Páginas de hashtags,0
2025-09-24,Páginas de hashtags,0
2025-09-25,Páginas de hashtags,0
2025-09-26,Páginas de hashtags,0
2025-09-27,Páginas de hashtags,0
2025-09-28,Páginas de hashtags,0
2025-09-29,Páginas de hashtags,0
2025-09-30,Páginas de hashtags,0
2025-10-01,Páginas de hashtags,0
2025-10-02,Páginas de hashtags,0
2025-10-03,Páginas de hashtags,0
2025-10-04,Páginas de hashtags,0
2025-10-05,Páginas de hashtags,0
2025-10-06,Páginas de hashtags,0
2025-10-07,Páginas de hashtags,0
2025-10-08,Páginas de hashtags,0
2025-10-09,Páginas de hashtags,0
2025-10-10,Páginas de hashtags,0
2025-10-11,Páginas de hashtags,0
2025-10-12,Páginas de hashtags,0
2025-10-13,Páginas de hashtags,0
2025-10-14,Páginas de hashtags,0
2025-10-15,Páginas de hashtags,0
2025-10-16,Páginas de hashtags,0
2025-10-17,Páginas de hashtags,0
2025-10-18,Páginas de hashtags,0
2025-10-19,Páginas de hashtags,0
2025-10-20,Páginas de hashtags,0
2025-10-21,Páginas de hashtags,0
2025-10-22,Páginas de hashtags,0
2025-10-23,Páginas de hashtags,0
2025-10-24,Páginas de hashtags,0
2025-10-25,Páginas de hashtags,0
2025-10-26,Páginas de hashtags,0
2025-10-27,Páginas de hashtags,0
2025-10-28,Páginas de hashtags,0
2025-10-29,Páginas de hashtags,0
2025-10-30,Páginas de hashtags,0
2025-10-31,Páginas de hashtags,0
2025-11-01,Páginas de hashtags,0
2025-11-02,Páginas de hashtags,0
2025-11-03,Páginas de hashtags,0
2025-11-04,Páginas de hashtags,0
2025-11-05,Páginas de hashtags,0
2025-11-06,Páginas de hashtags,0
2025-11-07,Páginas de hashtags,0
2025-11-08,Páginas de hashtags,0
2025-11-09,Páginas de hashtags,0
2025-11-10,Páginas de hashtags,0
2025-11-11,Páginas de hashtags,0
2025-11-12,Páginas de hashtags,0
2025-11-13,Páginas de hashtags,0
2025-11-14,Páginas de hashtags,0
2025-11-15,Páginas de hashtags,0
2025-11-16,Páginas de hashtags,0
2025-11-17,Páginas de hashtags,0
2025-11-18,Páginas de hashtags,0
2025-11-19,Páginas de hashtags,0
2025-11-20,Páginas de hashtags,0
2025-11-21,Páginas de hashtags,0
2025-11-22,Páginas de hashtags,0
2025-11-23,Páginas de hashtags,0
2025-11-24,Páginas de hashtags,0
2025-11-25,Páginas de hashtags,0
2025-11-26,Páginas de hashtags,0
2025-11-27,Páginas de hashtags,0
2025-11-28,Páginas de hashtags,0
2025-11-29,Páginas de hashtags,0
2025-11-30,Páginas de hashtags,0
2025-12-01,Páginas de hashtags,0
2025-12-02,Páginas de hashtags,0
2025-12-03,Páginas de hashtags,1
2025-12-04,Páginas de hashtags,0
2025-12-05,Páginas de hashtags,0
2025-12-06,Páginas de hashtags,0
2025-12-07,Páginas de hashtags,0
2025-12-08,Páginas de hashtags,0
2025-12-09,Páginas de hashtags,0
2025-12-10,Páginas de hashtags,1
2025-12-11,Páginas de hashtags,0
2025-12-12,Páginas de hashtags,0
2025-12-13,Páginas de hashtags,0
2025-12-14,Páginas de hashtags,0
2025-12-15,Páginas de hashtags,0
2025-12-16,Páginas de hashtags,0
2025-12-17,Páginas de hashtags,0
2025-12-18,Páginas de hashtags,0
2025-12-19,Páginas de hashtags,0
2025-12-20,Páginas de hashtags,0
2025-12-21,Páginas de hashtags,0
2025-12-22,Páginas de hashtags,0
2025-12-23,Páginas de hashtags,0
2025-12-24,Páginas de hashtags,0
2025-12-25,Páginas de hashtags,0
2025-12-26,Páginas de hashtags,0
2025-12-27,Páginas de hashtags,0
2025-12-28,Páginas de hashtags,0
2025-12-29,Páginas de hashtags,0
2025-12-30,Páginas de hashtags,0
2025-12-31,Páginas de hashtags,0
2026-01-01,Páginas de hashtags,0
2026-01-02,Páginas de hashtags,0
2026-01-03,Páginas de hashtags,0
2026-01-04,Páginas de hashtags,0
2026-01-05,Páginas de hashtags,0
2026-01-06,Páginas de hashtags,0
2026-01-07,Páginas de hashtags,0
2026-01-08,Páginas de hashtags,0
2026-01-09,Páginas de hashtags,0
2026-01-10,Páginas de hashtags,0
2026-01-11,Páginas de hashtags,0
2026-01-12,Páginas de hashtags,0
2026-01-13,Páginas de hashtags,0
2026-01-14,Páginas de hashtags,0
2026-01-15,Páginas de hashtags,0
2026-01-16,Páginas de hashtags,0
2026-01-17,Páginas de hashtags,0
2026-01-18,Páginas de hashtags,0
2026-01-19,Páginas de hashtags,0
2026-01-20,Páginas de hashtags,0
2026-01-21,Páginas de hashtags,0
2026-01-22,Páginas de hashtags,0
2026-01-23,Páginas de hashtags,0
2026-01-24,Páginas de hashtags,0
2026-01-25,Páginas de hashtags,0
2026-01-26,Páginas de hashtags,0
2026-01-27,Páginas de hashtags,0
2026-01-28,Páginas de hashtags,0
2026-01-29,Páginas de hashtags,0
2026-01-30,Páginas de hashtags,0
2026-01-31,Páginas de hashtags,0
2026-02-01,Páginas de hashtags,0
2026-02-02,Páginas de hashtags,0
2026-02-03,Páginas de hashtags,0
2026-02-04,Páginas de hashtags,0
2026-02-05,Páginas de hashtags,0
2026-02-06,Páginas de hashtags,0
2026-02-07,Páginas de hashtags,0
2026-02-08,Páginas de hashtags,0
2026-02-09,Páginas de hashtags,0
2026-02-10,Páginas de hashtags,0
2026-02-11,Páginas de hashtags,0
2026-02-12,Páginas de hashtags,0
2026-02-13,Páginas de hashtags,0
2026-02-14,Páginas de hashtags,0
2026-02-15,Páginas de hashtags,0
2026-02-16,Páginas de hashtags,0
2026-02-17,Páginas de hashtags,0
2026-02-18,Páginas de hashtags,0
2026-02-19,Páginas de hashtags,0
2026-02-20,Páginas de hashtags,0
2026-02-21,Páginas de hashtags,0
2026-02-22,Páginas de hashtags,0
2026-02-23,Páginas de hashtags,0
2026-02-24,Páginas de hashtags,0
2026-02-25,Páginas de hashtags,0
2026-02-26,Páginas de hashtags,0
2026-02-27,Páginas de hashtags,0
2026-02-28,Páginas de hashtags,0
2026-03-01,Páginas de hashtags,0
2026-03-02,Páginas de hashtags,0
2026-03-03,Páginas de hashtags,0
2026-03-04,Páginas de hashtags,0
2026-03-05,Páginas de hashtags,0
2026-03-06,Páginas de hashtags,0
2026-03-07,Páginas de hashtags,0
2026-03-08,Páginas de hashtags,0
2026-03-09,Páginas de hashtags,0
2026-03-10,Páginas de hashtags,1
2026-03-11,Páginas de hashtags,0
2026-03-12,Páginas de hashtags,0
2026-03-13,Páginas de hashtags,0
2026-03-14,Páginas de hashtags,0
2026-03-15,Páginas de hashtags,0
2026-03-16,Páginas de hashtags,0
2026-03-17,Páginas de hashtags,0
2026-03-18,Páginas de hashtags,0
2026-03-19,Páginas de hashtags,0
2026-03-20,Páginas de hashtags,0
2026-03-21,Páginas de hashtags,0
2026-03-22,Páginas de hashtags,0
2026-03-23,Páginas de hashtags,0
2026-03-24,Páginas de hashtags,0
2026-03-25,Páginas de hashtags,0
2026-03-26,Páginas de hashtags,0
2026-03-27,Páginas de hashtags,0
2026-03-28,Páginas de hashtags,0
2026-03-29,Páginas de hashtags,1
2026-03-30,Páginas de hashtags,0
2026-03-31,Páginas de hashtags,1
2026-04-01,Páginas de hashtags,0
2026-04-02,Páginas de hashtags,0
2026-04-03,Páginas de hashtags,0
2026-04-04,Páginas de hashtags,0
2026-04-05,Páginas de hashtags,0
2026-04-06,Páginas de hashtags,0
2026-04-07,Páginas de hashtags,0
2026-04-08,Páginas de hashtags,0
2026-04-09,Páginas de hashtags,0
2026-04-10,Páginas de hashtags,0
2026-04-11,Páginas de hashtags,0
2026-04-12,Páginas de hashtags,0
2026-04-13,Páginas de hashtags,0
2026-04-14,Páginas de hashtags,0
2026-04-15,Páginas de hashtags,0
2026-04-16,Páginas de hashtags,0
2026-04-17,Páginas de hashtags,0
2026-04-18,Páginas de hashtags,0
2026-04-19,Páginas de hashtags,0
2026-04-20,Páginas de hashtags,0
2026-04-21,Páginas de hashtags,0
2026-04-22,Páginas de hashtags,0
2026-04-23,Páginas de hashtags,0
2026-04-24,Páginas de hashtags,0
2026-04-25,Páginas de hashtags,0
2026-04-26,Páginas de hashtags,0
2026-04-27,Páginas de hashtags,0
2026-04-28,Páginas de hashtags,0
2026-04-29,Páginas de hashtags,0
2026-04-30,Páginas de hashtags,0
2025-07-14,Páginas de sonido,0
2025-07-15,Páginas de sonido,0
2025-07-16,Páginas de sonido,0
2025-07-17,Páginas de sonido,0
2025-07-18,Páginas de sonido,0
2025-07-19,Páginas de sonido,0
2025-07-20,Páginas de sonido,0
2025-07-21,Páginas de sonido,0
2025-07-22,Páginas de sonido,0
2025-07-23,Páginas de sonido,0
2025-07-24,Páginas de sonido,0
2025-07-25,Páginas de sonido,0
2025-07-26,Páginas de sonido,0
2025-07-27,Páginas de sonido,0
2025-07-28,Páginas de sonido,0
2025-07-29,Páginas de sonido,0
2025-07-30,Páginas de sonido,0
2025-07-31,Páginas de sonido,0
2025-08-01,Páginas de sonido,0
2025-08-02,Páginas de sonido,0
2025-08-03,Páginas de sonido,0
2025-08-04,Páginas de sonido,0
2025-08-05,Páginas de sonido,0
2025-08-06,Páginas de sonido,0
2025-08-07,Páginas de sonido,0
2025-08-08,Páginas de sonido,0
2025-08-09,Páginas de sonido,0
2025-08-10,Páginas de sonido,0
2025-08-11,Páginas de sonido,0
2025-08-12,Páginas de sonido,0
2025-08-13,Páginas de sonido,0
2025-08-14,Páginas de sonido,0
2025-08-15,Páginas de sonido,0
2025-08-16,Páginas de sonido,0
2025-08-17,Páginas de sonido,0
2025-08-18,Páginas de sonido,0
2025-08-19,Páginas de sonido,0
2025-08-20,Páginas de sonido,0
2025-08-21,Páginas de sonido,0
2025-08-22,Páginas de sonido,0
2025-08-23,Páginas de sonido,0
2025-08-24,Páginas de sonido,0
2025-08-25,Páginas de sonido,0
2025-08-26,Páginas de sonido,0
2025-08-27,Páginas de sonido,0
2025-08-28,Páginas de sonido,0
2025-08-29,Páginas de sonido,0
2025-08-30,Páginas de sonido,0
2025-08-31,Páginas de sonido,0
2025-09-01,Páginas de sonido,0
2025-09-02,Páginas de sonido,0
2025-09-03,Páginas de sonido,0
2025-09-04,Páginas de sonido,0
2025-09-05,Páginas de sonido,0
2025-09-06,Páginas de sonido,0
2025-09-07,Páginas de sonido,0
2025-09-08,Páginas de sonido,0
2025-09-09,Páginas de sonido,0
2025-09-10,Páginas de sonido,0
2025-09-11,Páginas de sonido,0
2025-09-12,Páginas de sonido,0
2025-09-13,Páginas de sonido,0
2025-09-14,Páginas de sonido,0
2025-09-15,Páginas de sonido,0
2025-09-16,Páginas de sonido,0
2025-09-17,Páginas de sonido,0
2025-09-18,Páginas de sonido,0
2025-09-19,Páginas de sonido,0
2025-09-20,Páginas de sonido,0
2025-09-21,Páginas de sonido,0
2025-09-22,Páginas de sonido,0
2025-09-23,Páginas de sonido,0
2025-09-24,Páginas de sonido,0
2025-09-25,Páginas de sonido,0
2025-09-26,Páginas de sonido,0
2025-09-27,Páginas de sonido,0
2025-09-28,Páginas de sonido,0
2025-09-29,Páginas de sonido,0
2025-09-30,Páginas de sonido,0
2025-10-01,Páginas de sonido,0
2025-10-02,Páginas de sonido,0
2025-10-03,Páginas de sonido,0
2025-10-04,Páginas de sonido,0
2025-10-05,Páginas de sonido,0
2025-10-06,Páginas de sonido,0
2025-10-07,Páginas de sonido,0
2025-10-08,Páginas de sonido,0
2025-10-09,Páginas de sonido,0
2025-10-10,Páginas de sonido,0
2025-10-11,Páginas de sonido,0
2025-10-12,Páginas de sonido,0
2025-10-13,Páginas de sonido,0
2025-10-14,Páginas de sonido,0
2025-10-15,Páginas de sonido,0
2025-10-16,Páginas de sonido,0
2025-10-17,Páginas de sonido,0
2025-10-18,Páginas de sonido,0
2025-10-19,Páginas de sonido,0
2025-10-20,Páginas de sonido,0
2025-10-21,Páginas de sonido,0
2025-10-22,Páginas de sonido,0
2025-10-23,Páginas de sonido,0
2025-10-24,Páginas de sonido,0
2025-10-25,Páginas de sonido,0
2025-10-26,Páginas de sonido,0
2025-10-27,Páginas de sonido,0
2025-10-28,Páginas de sonido,0
2025-10-29,Páginas de sonido,0
2025-10-30,Páginas de sonido,0
2025-10-31,Páginas de sonido,0
2025-11-01,Páginas de sonido,0
2025-11-02,Páginas de sonido,0
2025-11-03,Páginas de sonido,0
2025-11-04,Páginas de sonido,0
2025-11-05,Páginas de sonido,0
2025-11-06,Páginas de sonido,0
2025-11-07,Páginas de sonido,0
2025-11-08,Páginas de sonido,0
2025-11-09,Páginas de sonido,0
2025-11-10,Páginas de sonido,0
2025-11-11,Páginas de sonido,0
2025-11-12,Páginas de sonido,0
2025-11-13,Páginas de sonido,0
2025-11-14,Páginas de sonido,0
2025-11-15,Páginas de sonido,0
2025-11-16,Páginas de sonido,0
2025-11-17,Páginas de sonido,0
2025-11-18,Páginas de sonido,0
2025-11-19,Páginas de sonido,0
2025-11-20,Páginas de sonido,0
2025-11-21,Páginas de sonido,0
2025-11-22,Páginas de sonido,0
2025-11-23,Páginas de sonido,0
2025-11-24,Páginas de sonido,0
2025-11-25,Páginas de sonido,0
2025-11-26,Páginas de sonido,0
2025-11-27,Páginas de sonido,0
2025-11-28,Páginas de sonido,0
2025-11-29,Páginas de sonido,0
2025-11-30,Páginas de sonido,0
2025-12-01,Páginas de sonido,0
2025-12-02,Páginas de sonido,0
2025-12-03,Páginas de sonido,0
2025-12-04,Páginas de sonido,0
2025-12-05,Páginas de sonido,0
2025-12-06,Páginas de sonido,0
2025-12-07,Páginas de sonido,0
2025-12-08,Páginas de sonido,0
2025-12-09,Páginas de sonido,0
2025-12-10,Páginas de sonido,0
2025-12-11,Páginas de sonido,0
2025-12-12,Páginas de sonido,0
2025-12-13,Páginas de sonido,0
2025-12-14,Páginas de sonido,0
2025-12-15,Páginas de sonido,0
2025-12-16,Páginas de sonido,0
2025-12-17,Páginas de sonido,0
2025-12-18,Páginas de sonido,0
2025-12-19,Páginas de sonido,0
2025-12-20,Páginas de sonido,0
2025-12-21,Páginas de sonido,0
2025-12-22,Páginas de sonido,0
2025-12-23,Páginas de sonido,0
2025-12-24,Páginas de sonido,0
2025-12-25,Páginas de sonido,0
2025-12-26,Páginas de sonido,0
2025-12-27,Páginas de sonido,0
2025-12-28,Páginas de sonido,0
2025-12-29,Páginas de sonido,0
2025-12-30,Páginas de sonido,0
2025-12-31,Páginas de sonido,0
2026-01-01,Páginas de sonido,0
2026-01-02,Páginas de sonido,0
2026-01-03,Páginas de sonido,0
2026-01-04,Páginas de sonido,0
2026-01-05,Páginas de sonido,0
2026-01-06,Páginas de sonido,0
2026-01-07,Páginas de sonido,0
2026-01-08,Páginas de sonido,0
2026-01-09,Páginas de sonido,0
2026-01-10,Páginas de sonido,0
2026-01-11,Páginas de sonido,0
2026-01-12,Páginas de sonido,0
2026-01-13,Páginas de sonido,0
2026-01-14,Páginas de sonido,0
2026-01-15,Páginas de sonido,0
2026-01-16,Páginas de sonido,0
2026-01-17,Páginas de sonido,0
2026-01-18,Páginas de sonido,0
2026-01-19,Páginas de sonido,0
2026-01-20,Páginas de sonido,0
2026-01-21,Páginas de sonido,0
2026-01-22,Páginas de sonido,0
2026-01-23,Páginas de sonido,0
2026-01-24,Páginas de sonido,0
2026-01-25,Páginas de sonido,0
2026-01-26,Páginas de sonido,0
2026-01-27,Páginas de sonido,0
2026-01-28,Páginas de sonido,0
2026-01-29,Páginas de sonido,0
2026-01-30,Páginas de sonido,0
2026-01-31,Páginas de sonido,0
2026-02-01,Páginas de sonido,0
2026-02-02,Páginas de sonido,0
2026-02-03,Páginas de sonido,0
2026-02-04,Páginas de sonido,0
2026-02-05,Páginas de sonido,0
2026-02-06,Páginas de sonido,0
2026-02-07,Páginas de sonido,0
2026-02-08,Páginas de sonido,0
2026-02-09,Páginas de sonido,0
2026-02-10,Páginas de sonido,0
2026-02-11,Páginas de sonido,0
2026-02-12,Páginas de sonido,0
2026-02-13,Páginas de sonido,0
2026-02-14,Páginas de sonido,0
2026-02-15,Páginas de sonido,0
2026-02-16,Páginas de sonido,0
2026-02-17,Páginas de sonido,0
2026-02-18,Páginas de sonido,0
2026-02-19,Páginas de sonido,0
2026-02-20,Páginas de sonido,0
2026-02-21,Páginas de sonido,0
2026-02-22,Páginas de sonido,0
2026-02-23,Páginas de sonido,0
2026-02-24,Páginas de sonido,0
2026-02-25,Páginas de sonido,0
2026-02-26,Páginas de sonido,0
2026-02-27,Páginas de sonido,0
2026-02-28,Páginas de sonido,0
2026-03-01,Páginas de sonido,0
2026-03-02,Páginas de sonido,0
2026-03-03,Páginas de sonido,0
2026-03-04,Páginas de sonido,0
2026-03-05,Páginas de sonido,0
2026-03-06,Páginas de sonido,0
2026-03-07,Páginas de sonido,0
2026-03-08,Páginas de sonido,0
2026-03-09,Páginas de sonido,0
2026-03-10,Páginas de sonido,0
2026-03-11,Páginas de sonido,1
2026-03-12,Páginas de sonido,0
2026-03-13,Páginas de sonido,0
2026-03-14,Páginas de sonido,0
2026-03-15,Páginas de sonido,0
2026-03-16,Páginas de sonido,0
2026-03-17,Páginas de sonido,0
2026-03-18,Páginas de sonido,0
2026-03-19,Páginas de sonido,0
2026-03-20,Páginas de sonido,0
2026-03-21,Páginas de sonido,0
2026-03-22,Páginas de sonido,0
2026-03-23,Páginas de sonido,0
2026-03-24,Páginas de sonido,0
2026-03-25,Páginas de sonido,0
2026-03-26,Páginas de sonido,0
2026-03-27,Páginas de sonido,0
2026-03-28,Páginas de sonido,0
2026-03-29,Páginas de sonido,0
2026-03-30,Páginas de sonido,0
2026-03-31,Páginas de sonido,0
2026-04-01,Páginas de sonido,1
2026-04-02,Páginas de sonido,0
2026-04-03,Páginas de sonido,0
2026-04-04,Páginas de sonido,0
2026-04-05,Páginas de sonido,0
2026-04-06,Páginas de sonido,0
2026-04-07,Páginas de sonido,0
2026-04-08,Páginas de sonido,0
2026-04-09,Páginas de sonido,0
2026-04-10,Páginas de sonido,0
2026-04-11,Páginas de sonido,0
2026-04-12,Páginas de sonido,0
2026-04-13,Páginas de sonido,0
2026-04-14,Páginas de sonido,0
2026-04-15,Páginas de sonido,0
2026-04-16,Páginas de sonido,0
2026-04-17,Páginas de sonido,0
2026-04-18,Páginas de sonido,0
2026-04-19,Páginas de sonido,0
2026-04-20,Páginas de sonido,0
2026-04-21,Páginas de sonido,0
2026-04-22,Páginas de sonido,0
2026-04-23,Páginas de sonido,0
2026-04-24,Páginas de sonido,0
2026-04-25,Páginas de sonido,0
2026-04-26,Páginas de sonido,0
2026-04-27,Páginas de sonido,0
2026-04-28,Páginas de sonido,0
2026-04-29,Páginas de sonido,0
2026-04-30,Páginas de sonido,0
